3HDM,"('MMG', 'BindingDB:\xa0 3HDM', 'IC50:&nbspmin: 40, max: 1300\xa0(nM) from 2 assay(s)')"
3HDM,"('PDBBind:\xa0 3HDM', 'IC50:&nbsp40\xa0(nM) from 1 assay(s)')"
3HDN,"('GMG', 'BindingDB:\xa0 3HDN', 'IC50:&nbspmin: 63, max: 880\xa0(nM) from 2 assay(s)')"
3HDN,"('PDBBind:\xa0 3HDN', 'IC50:&nbsp63\xa0(nM) from 1 assay(s)')"
3HDZ,"('PD6', 'PDBBind:\xa0 3HDZ', 'IC50:&nbsp51\xa0(nM) from 1 assay(s)')"
3HDZ,"('Binding MOAD:\xa0 3HDZ', 'IC50:&nbsp51\xa0(nM) from 1 assay(s)')"
3HEC,"('STI', 'BindingDB:\xa0 3HEC', 'Kd:&nbspmin: 3162, max: 1.00e+4\xa0(nM) from 2 assay(s)')"
3HEC,"IC50:&nbspmin: 1.37e+4, max: 1.00e+5 (nM) from 2 assay(s)"
3HEC,"('Binding MOAD:\xa0 3HEC', 'Kd:&nbsp3.40e+4\xa0(nM) from 1 assay(s)')"
3HEC,"('PDBBind:\xa0 3HEC', 'Kd:&nbsp3.40e+4\xa0(nM) from 1 assay(s)')"
3HEG,"('BAX', 'BindingDB:\xa0 3HEG', 'Kd:&nbspmin: 260, max: 1.00e+4\xa0(nM) from 3 assay(s)')"
3HEG,"IC50:&nbspmin: 37, max: 3200 (nM) from 7 assay(s)"
3HEG,"('Binding MOAD:\xa0 3HEG', 'Kd:&nbsp180\xa0(nM) from 1 assay(s)')"
3HEG,"('PDBBind:\xa0 3HEG', 'Kd:&nbsp180\xa0(nM) from 1 assay(s)')"
3HEK,"('BD0', 'PDBBind:\xa0 3HEK', 'Ki:&nbsp5.4\xa0(nM) from 1 assay(s)')"
3HEK,"('Binding MOAD:\xa0 3HEK', 'Ki:&nbsp5.4\xa0(nM) from 1 assay(s)')"
3HF6,"('LX0', 'PDBBind:\xa0 3HF6', 'IC50:&nbsp26\xa0(nM) from 1 assay(s)')"
3HF6,"('BindingDB:\xa0 3HF6', 'IC50:&nbsp26\xa0(nM) from 1 assay(s)')"
3HF6,"('Binding MOAD:\xa0 3HF6', 'IC50:&nbsp26\xa0(nM) from 1 assay(s)')"
3HF8,"('ML0', 'Binding MOAD:\xa0 3HF8', 'Ki:&nbsp310\xa0(nM) from 1 assay(s)')"
3HF8,"('PDBBind:\xa0 3HF8', 'Ki:&nbsp310\xa0(nM) from 1 assay(s)')"
3HFB,"('ML4', 'PDBBind:\xa0 3HFB', 'Ki:&nbsp30\xa0(nM) from 1 assay(s)')"
3HFB,"('Binding MOAD:\xa0 3HFB', 'Ki:&nbsp30\xa0(nM) from 1 assay(s)')"
3HFB,"('BindingDB:\xa0 3HFB', 'IC50:&nbsp40\xa0(nM) from 1 assay(s)')"
3HFG,"('17R', 'BindingDB:\xa0 3HFG', 'IC50:&nbsp26\xa0(nM) from 1 assay(s)')"
3HFG,"('Binding MOAD:\xa0 3HFG', 'IC50:&nbsp10\xa0(nM) from 1 assay(s)')"
3HFV,"('MTY', 'PDBBind:\xa0 3HFV', 'Ki:&nbsp1.36e+4\xa0(nM) from 1 assay(s)')"
3HHA,"('NOW', 'PDBBind:\xa0 3HHA', 'IC50:&nbsp12.6\xa0(nM) from 1 assay(s)')"
3HHM,"('KWT', 'BindingDB:\xa0 3HHM', 'Ki:&nbsp120\xa0(nM) from 1 assay(s)')"
3HHM,Kd:&nbsp5.4 (nM) from 1 assay(s)
3HHM,"IC50:&nbspmin: 1, max: 1610 (nM) from 11 assay(s)"
3HHM,"('PDBBind:\xa0 3HHM', 'IC50:&nbsp11.9\xa0(nM) from 1 assay(s)')"
3HHU,"('819', 'Binding MOAD:\xa0 3HHU', 'IC50:&nbsp41\xa0(nM) from 1 assay(s)')"
3HHU,"('PDBBind:\xa0 3HHU', 'IC50:&nbsp41\xa0(nM) from 1 assay(s)')"
3HIG,"('BRN', 'Binding MOAD:\xa0 3HIG', 'Ki:&nbsp13\xa0(nM) from 1 assay(s)')"
3HIG,"('BindingDB:\xa0 3HIG', 'Ki:&nbsp13\xa0(nM) from 1 assay(s)')"
3HIG,"('PDBBind:\xa0 3HIG', 'Ki:&nbsp13\xa0(nM) from 1 assay(s)')"
3HII,"('PNT', 'PDBBind:\xa0 3HII', 'Ki:&nbsp290\xa0(nM) from 1 assay(s)')"
3HII,"('BindingDB:\xa0 3HII', 'Ki:&nbsp290\xa0(nM) from 1 assay(s)')"
3HII,"('Binding MOAD:\xa0 3HII', 'Ki:&nbsp290\xa0(nM) from 1 assay(s)')"
3HJ0,"('A93', 'PDBBind:\xa0 3HJ0', 'IC50:&nbsp1960\xa0(nM) from 1 assay(s)')"
3HJ0,"('BindingDB:\xa0 3HJ0', 'IC50:&nbsp1960\xa0(nM) from 1 assay(s)')"
3HJO,"('EAA', 'PDBBind:\xa0 3HJO', 'Kd:&nbsp300\xa0(nM) from 1 assay(s)')"
3HJO,"('BindingDB:\xa0 3HJO', 'IC50:&nbspmin: 3400, max: 2.60e+4\xa0(nM) from 3 assay(s)')"
3HKQ,"('1SD', 'BindingDB:\xa0 3HKQ', 'Ki:&nbsp4550\xa0(nM) from 1 assay(s)')"
3HKQ,"('PDBBind:\xa0 3HKQ', 'Ki:&nbsp4550\xa0(nM) from 1 assay(s)')"
3HKU,"('TOR', 'BindingDB:\xa0 3HKU', 'Ki:&nbspmin: 5, max: 1.00e+4\xa0(nM) from 12 assay(s)')"
3HKU,"Kd:&nbspmin: 13.8, max: 290 (nM) from 2 assay(s)"
3HKU,"IC50:&nbspmin: 5, max: 2100 (nM) from 2 assay(s)"
3HKU,"('PDBBind:\xa0 3HKU', 'Ki:&nbsp5\xa0(nM) from 1 assay(s)')"
3HL5,"('9JZ', 'PDBBind:\xa0 3HL5', 'Ki:&nbsp3.40e+4\xa0(nM) from 1 assay(s)')"
3HL7,"('I47', 'PDBBind:\xa0 3HL7', 'Ki:&nbsp23\xa0(nM) from 1 assay(s)')"
3HL7,"('Binding MOAD:\xa0 3HL7', 'Ki:&nbsp23\xa0(nM) from 1 assay(s)')"
3HLL,"('I45', 'PDBBind:\xa0 3HLL', 'Ki:&nbsp5.8\xa0(nM) from 1 assay(s)')"
3HLL,"('Binding MOAD:\xa0 3HLL', 'Ki:&nbsp5.8\xa0(nM) from 1 assay(s)')"
3HLL,"('BindingDB:\xa0 3HLL', 'Ki:&nbspmin: 2.9, max: 5.8\xa0(nM) from 2 assay(s)')"
3HLL,"Kd:&nbspmin: 2.5, max: 2.8 (nM) from 2 assay(s)"
3HLL,"IC50:&nbspmin: 1.1, max: 247 (nM) from 6 assay(s)"
3HM1,"('J3Z', 'BindingDB:\xa0 3HM1', 'IC50:&nbspmin: 29, max: 480\xa0(nM) from 4 assay(s)')"
3HM1,"EC50:&nbspmin: 0.7, max: 166 (nM) from 6 assay(s)"
3HMM,"('855', 'PDBBind:\xa0 3HMM', 'IC50:&nbsp25\xa0(nM) from 1 assay(s)')"
3HMM,"('BindingDB:\xa0 3HMM', 'IC50:&nbspmin: 25, max: 6720\xa0(nM) from 3 assay(s)')"
3HMM,"('Binding MOAD:\xa0 3HMM', 'IC50:&nbsp25\xa0(nM) from 1 assay(s)')"
3HMO,"('STU', 'Binding MOAD:\xa0 3HMO', 'Kd:&nbsp30.5\xa0(nM) from 1 assay(s)')"
3HMO,"('PDBBind:\xa0 3HMO', 'Kd:&nbsp30.5\xa0(nM) from 1 assay(s)')"
3HMP,"('CX4', 'PDBBind:\xa0 3HMP', 'Kd:&nbsp3240\xa0(nM) from 1 assay(s)')"
3HMP,"('Binding MOAD:\xa0 3HMP', 'Kd:&nbsp3240\xa0(nM) from 1 assay(s)')"
3HMV,"('HBT', 'BindingDB:\xa0 3HMV', 'IC50:&nbsp50\xa0(nM) from 1 assay(s)')"
3HMV,"('PDBBind:\xa0 3HMV', 'IC50:&nbsp50.12\xa0(nM) from 1 assay(s)')"
3HNA,"('SAH', 'BindingDB:\xa0 3HNA', 'IC50:&nbsp230\xa0(nM) from 1 assay(s)')"
3HNB,"('768', 'BindingDB:\xa0 3HNB', 'IC50:&nbsp7800\xa0(nM) from 1 assay(s)')"
3HNB,"('PDBBind:\xa0 3HNB', 'IC50:&nbsp7800\xa0(nM) from 1 assay(s)')"
3HNG,"('8ST', 'BindingDB:\xa0 3HNG', 'IC50:&nbsp180\xa0(nM) from 1 assay(s)')"
3HNG,"('PDBBind:\xa0 3HNG', 'IC50:&nbsp180\xa0(nM) from 1 assay(s)')"
3HO0,"('DKD', 'BindingDB:\xa0 3HO0', 'EC50:&nbspmin: 398, max: 860\xa0(nM) from 3 assay(s)')"
3HOD,"('ZZH', 'BindingDB:\xa0 3HOD', 'EC50:&nbspmin: 572, max: 600\xa0(nM) from 4 assay(s)')"
3HOK,"('Q80', 'Binding MOAD:\xa0 3HOK', 'IC50:&nbsp2100\xa0(nM) from 1 assay(s)')"
3HP2,"('P36', 'PDBBind:\xa0 3HP2', 'IC50:&nbsp680\xa0(nM) from 1 assay(s)')"
3HP2,"('BindingDB:\xa0 3HP2', 'IC50:&nbsp680\xa0(nM) from 1 assay(s)')"
3HP5,"('52P', 'BindingDB:\xa0 3HP5', 'Kd:&nbspmin: 2.8, max: 1.00e+4\xa0(nM) from 3 assay(s)')"
3HP5,"IC50:&nbspmin: 0.8, max: 5300 (nM) from 13 assay(s)"
3HP5,"('PDBBind:\xa0 3HP5', 'IC50:&nbsp70\xa0(nM) from 1 assay(s)')"
3HPT,"('YET', 'Binding MOAD:\xa0 3HPT', 'Ki:&nbsp6.5\xa0(nM) from 1 assay(s)')"
3HPT,"('BindingDB:\xa0 3HPT', 'Ki:&nbsp6.5\xa0(nM) from 1 assay(s)')"
3HPT,"IC50:&nbspmin: 6.5, max: 12 (nM) from 2 assay(s)"
3HPT,"('PDBBind:\xa0 3HPT', 'Ki:&nbsp6.5\xa0(nM) from 1 assay(s)')"
3HQ5,"('GKK', 'BindingDB:\xa0 3HQ5', 'IC50:&nbsp16\xa0(nM) from 1 assay(s)')"
3HQ5,"EC50:&nbspmin: 3, max: 9 (nM) from 2 assay(s)"
3HQ5,"('PDBBind:\xa0 3HQ5', 'IC50:&nbsp16\xa0(nM) from 1 assay(s)')"
3HQ5,"('Binding MOAD:\xa0 3HQ5', 'IC50:&nbsp16\xa0(nM) from 1 assay(s)')"
3HQR,"('OGA', 'BindingDB:\xa0 3HQR', 'Ki:&nbsp8000\xa0(nM) from 1 assay(s)')"
3HQR,"Kd:&nbspmin: 2000, max: 3400 (nM) from 5 assay(s)"
3HQR,"IC50:&nbspmin: 5600, max: 2.60e+4 (nM) from 6 assay(s)"
3HQR,"('PDBBind:\xa0 3HQR', 'Kd:&nbsp3000\xa0(nM) from 1 assay(s)')"
3HQU,"('UN9', 'BindingDB:\xa0 3HQU', 'Kd:&nbsp80\xa0(nM) from 1 assay(s)')"
3HQU,"IC50:&nbspmin: 70, max: 7500 (nM) from 8 assay(s)"
3HQU,EC50:&nbsp7.90e+4 (nM) from 1 assay(s)
3HRB,"('I39', 'PDBBind:\xa0 3HRB', 'IC50:&nbsp21\xa0(nM) from 1 assay(s)')"
3HRB,"('Binding MOAD:\xa0 3HRB', 'IC50:&nbsp21\xa0(nM) from 1 assay(s)')"
3HRB,"('BindingDB:\xa0 3HRB', 'IC50:&nbsp21\xa0(nM) from 1 assay(s)')"
3HRF,"('P47', 'PDBBind:\xa0 3HRF', 'Kd:&nbsp1.03e+4\xa0(nM) from 1 assay(s)')"
3HRF,"('Binding MOAD:\xa0 3HRF', 'Kd:&nbsp1.03e+4\xa0(nM) from 1 assay(s)')"
3HRF,"('BindingDB:\xa0 3HRF', 'Kd:&nbsp1.03e+4\xa0(nM) from 1 assay(s)')"
3HRF,IC50:&nbsp9.70e+4 (nM) from 1 assay(s)
3HS4,"('AZM', 'BindingDB:\xa0 3HS4', 'Ki:&nbspmin: 0.01, max: 104\xa0(nM) from 25 assay(s)')"
3HS4,"Kd:&nbspmin: 0.06, max: 46 (nM) from 12 assay(s)"
3HS4,"IC50:&nbspmin: 0.49, max: 4500 (nM) from 61 assay(s)"
3HS4,"('Binding MOAD:\xa0 3HS4', 'Ki:&nbsp10\xa0(nM) from 1 assay(s)')"
3HS4,"('PDBBind:\xa0 3HS4', 'Ki:&nbsp10\xa0(nM) from 1 assay(s)')"
3HU3,"('AGS', 'Binding MOAD:\xa0 3HU3', 'Kd:&nbsp130\xa0(nM) from 1 assay(s)')"
3HUB,"('469', 'Binding MOAD:\xa0 3HUB', 'Kd:&nbsp8.2\xa0(nM) from 1 assay(s)')"
3HUB,"('BindingDB:\xa0 3HUB', 'Kd:&nbsp0.48\xa0(nM) from 1 assay(s)')"
3HUB,"IC50:&nbspmin: 9, max: 96 (nM) from 4 assay(s)"
3HUB,"('PDBBind:\xa0 3HUB', 'Kd:&nbsp8.2\xa0(nM) from 1 assay(s)')"
3HUC,"('G97', 'Binding MOAD:\xa0 3HUC', 'Kd:&nbsp1030\xa0(nM) from 1 assay(s)')"
3HUC,"('PDBBind:\xa0 3HUC', 'Kd:&nbsp1030\xa0(nM) from 1 assay(s)')"
3HV3,"('R49', 'PDBBind:\xa0 3HV3', 'IC50:&nbsp470\xa0(nM) from 1 assay(s)')"
3HV3,"('Binding MOAD:\xa0 3HV3', 'IC50:&nbsp900\xa0(nM) from 1 assay(s)')"
3HV3,"('BindingDB:\xa0 3HV3', 'IC50:&nbspmin: 470, max: 900\xa0(nM) from 2 assay(s)')"
3HV4,"('L51', 'PDBBind:\xa0 3HV4', 'IC50:&nbsp310\xa0(nM) from 1 assay(s)')"
3HV4,"('BindingDB:\xa0 3HV4', 'IC50:&nbspmin: 290, max: 310\xa0(nM) from 2 assay(s)')"
3HV5,"('R24', 'PDBBind:\xa0 3HV5', 'IC50:&nbsp95\xa0(nM) from 1 assay(s)')"
3HV5,"('BindingDB:\xa0 3HV5', 'IC50:&nbspmin: 95, max: 150\xa0(nM) from 2 assay(s)')"
3HV5,"('Binding MOAD:\xa0 3HV5', 'IC50:&nbsp150\xa0(nM) from 1 assay(s)')"
3HV6,"('R39', 'BindingDB:\xa0 3HV6', 'Kd:&nbsp300\xa0(nM) from 1 assay(s)')"
3HV6,"IC50:&nbspmin: 2300, max: 5500 (nM) from 2 assay(s)"
3HV6,"('PDBBind:\xa0 3HV6', 'IC50:&nbsp2300\xa0(nM) from 1 assay(s)')"
3HV6,"('Binding MOAD:\xa0 3HV6', 'IC50:&nbsp5500\xa0(nM) from 1 assay(s)')"
3HV7,"('1AU', 'PDBBind:\xa0 3HV7', 'Kd:&nbsp12\xa0(nM) from 1 assay(s)')"
3HV7,"('Binding MOAD:\xa0 3HV7', 'Kd:&nbsp12\xa0(nM) from 1 assay(s)')"
3HV7,"('BindingDB:\xa0 3HV7', 'Kd:&nbsp12\xa0(nM) from 1 assay(s)')"
3HV7,"IC50:&nbspmin: 90, max: 170 (nM) from 2 assay(s)"
3HVC,"('GG5', 'BindingDB:\xa0 3HVC', 'IC50:&nbspmin: 67, max: 600\xa0(nM) from 2 assay(s)')"
3HVC,"('Binding MOAD:\xa0 3HVC', 'IC50:&nbsp600\xa0(nM) from 1 assay(s)')"
3HVC,"('PDBBind:\xa0 3HVC', 'IC50:&nbsp600\xa0(nM) from 1 assay(s)')"
3HVG,"('EV0', 'BindingDB:\xa0 3HVG', 'Kd:&nbsp4.45e+6\xa0(nM) from 1 assay(s)')"
3HVG,IC50:&nbsp2.49e+6 (nM) from 1 assay(s)
3HVG,"('Binding MOAD:\xa0 3HVG', 'IC50:&nbsp2.00e+6\xa0(nM) from 1 assay(s)')"
3HVG,"('PDBBind:\xa0 3HVG', 'IC50:&nbsp2.00e+6\xa0(nM) from 1 assay(s)')"
3HVL,"('SRL', 'BindingDB:\xa0 3HVL', 'EC50:&nbspmin: 60, max: 440\xa0(nM) from 3 assay(s)')"
3HW1,"('EV2', 'Binding MOAD:\xa0 3HW1', 'IC50:&nbsp8.70e+5\xa0(nM) from 1 assay(s)')"
3HW1,"('PDBBind:\xa0 3HW1', 'IC50:&nbsp8.70e+5\xa0(nM) from 1 assay(s)')"
3HWN,"('BD3', 'PDBBind:\xa0 3HWN', 'IC50:&nbsp2\xa0(nM) from 1 assay(s)')"
3HX3,"('RET', 'PDBBind:\xa0 3HX3', 'Kd:&nbsp10\xa0(nM) from 1 assay(s)')"
3HX3,"('Binding MOAD:\xa0 3HX3', 'Kd:&nbsp10\xa0(nM) from 1 assay(s)')"
3HXG,"('GTA', 'Binding MOAD:\xa0 3HXG', 'Kd:&nbsp270\xa0(nM) from 1 assay(s)')"
3HXI,"('GTG', 'PDBBind:\xa0 3HXI', 'Kd:&nbsp470\xa0(nM) from 1 assay(s)')"
3HY5,"('RET', 'PDBBind:\xa0 3HY5', 'Kd:&nbsp20\xa0(nM) from 1 assay(s)')"
3HY7,"('097', 'BindingDB:\xa0 3HY7', 'IC50:&nbsp1.00e+4\xa0(nM) from 1 assay(s)')"
3HY7,"('Binding MOAD:\xa0 3HY7', 'IC50:&nbsp106\xa0(nM) from 1 assay(s)')"
3HY8,"('FMN', 'Binding MOAD:\xa0 3HY8', 'Kd:&nbsp672\xa0(nM) from 1 assay(s)')"
3HY9,"('098', 'BindingDB:\xa0 3HY9', 'IC50:&nbspmin: 12, max: 17\xa0(nM) from 2 assay(s)')"
3HY9,"('Binding MOAD:\xa0 3HY9', 'IC50:&nbsp17\xa0(nM) from 1 assay(s)')"
3HYG,"('099', 'Binding MOAD:\xa0 3HYG', 'IC50:&nbsp93\xa0(nM) from 1 assay(s)')"
3HZF,"('B72', 'BindingDB:\xa0 3HZF', 'Ki:&nbsp1.09\xa0(nM) from 1 assay(s)')"
3HZF,"Kd:&nbspmin: 0.44, max: 2.5 (nM) from 4 assay(s)"
3HZF,"EC50:&nbspmin: 3, max: 74.7 (nM) from 3 assay(s)"
3I1Y,"('33N', 'PDBBind:\xa0 3I1Y', 'IC50:&nbsp7\xa0(nM) from 1 assay(s)')"
3I1Y,"('Binding MOAD:\xa0 3I1Y', 'IC50:&nbsp7\xa0(nM) from 1 assay(s)')"
3I1Y,"('BindingDB:\xa0 3I1Y', 'IC50:&nbsp7\xa0(nM) from 1 assay(s)')"
3I25,"('MV7', 'BindingDB:\xa0 3I25', 'Ki:&nbsp3.1\xa0(nM) from 1 assay(s)')"
3I25,"('Binding MOAD:\xa0 3I25', 'Ki:&nbsp3.1\xa0(nM) from 1 assay(s)')"
3I25,"('PDBBind:\xa0 3I25', 'Ki:&nbsp3.1\xa0(nM) from 1 assay(s)')"
3I28,"('34N', 'BindingDB:\xa0 3I28', 'IC50:&nbspmin: 6, max: 8\xa0(nM) from 2 assay(s)')"
3I28,"EC50:&nbspmin: 0.14, max: 0.3 (nM) from 2 assay(s)"
3I28,"('Binding MOAD:\xa0 3I28', 'IC50:&nbsp6\xa0(nM) from 1 assay(s)')"
3I28,"('PDBBind:\xa0 3I28', 'IC50:&nbsp6\xa0(nM) from 1 assay(s)')"
3I33,"('ADP', 'BindingDB:\xa0 3I33', 'Kd:&nbspmin: 320, max: 324\xa0(nM) from 2 assay(s)')"
3I33,IC50:&nbsp280 (nM) from 1 assay(s)
3I4A,"('LN5', 'BindingDB:\xa0 3I4A', 'Ki:&nbspmin: 5.20e+4, max: 1.45e+5\xa0(nM) from 2 assay(s)')"
3I4A,IC50:&nbsp3.00e+5 (nM) from 1 assay(s)
3I4A,"('PDBBind:\xa0 3I4A', 'Ki:&nbsp5.20e+4\xa0(nM) from 1 assay(s)')"
3I4B,"('Z48', 'BindingDB:\xa0 3I4B', 'Ki:&nbsp7\xa0(nM) from 1 assay(s)')"
3I4B,"('PDBBind:\xa0 3I4B', 'Ki:&nbsp7\xa0(nM) from 1 assay(s)')"
3I4B,"('Binding MOAD:\xa0 3I4B', 'Ki:&nbsp7\xa0(nM) from 1 assay(s)')"
3I5N,"('B2D', 'BindingDB:\xa0 3I5N', 'IC50:&nbspmin: 14, max: 17\xa0(nM) from 2 assay(s)')"
3I5N,"('Binding MOAD:\xa0 3I5N', 'IC50:&nbsp17\xa0(nM) from 1 assay(s)')"
3I5N,"('PDBBind:\xa0 3I5N', 'IC50:&nbsp14\xa0(nM) from 1 assay(s)')"
3I5Z,"('Z48', 'BindingDB:\xa0 3I5Z', 'Ki:&nbspmin: 2, max: 4\xa0(nM) from 2 assay(s)')"
3I5Z,"('Binding MOAD:\xa0 3I5Z', 'Ki:&nbsp2\xa0(nM) from 1 assay(s)')"
3I5Z,"('PDBBind:\xa0 3I5Z', 'Ki:&nbsp2\xa0(nM) from 1 assay(s)')"
3I60,"('E86', 'BindingDB:\xa0 3I60', 'Ki:&nbsp2\xa0(nM) from 1 assay(s)')"
3I60,"('PDBBind:\xa0 3I60', 'Ki:&nbsp2\xa0(nM) from 1 assay(s)')"
3I60,"('Binding MOAD:\xa0 3I60', 'Ki:&nbsp2\xa0(nM) from 1 assay(s)')"
3I6C,"('GIA', 'BindingDB:\xa0 3I6C', 'Ki:&nbsp1.20e+4\xa0(nM) from 1 assay(s)')"
3I6C,IC50:&nbsp1.20e+4 (nM) from 1 assay(s)
3I6C,"('Binding MOAD:\xa0 3I6C', 'Ki:&nbsp1.20e+4\xa0(nM) from 1 assay(s)')"
3I6C,"('PDBBind:\xa0 3I6C', 'Ki:&nbsp1.20e+4\xa0(nM) from 1 assay(s)')"
3I7G,"('732', 'Binding MOAD:\xa0 3I7G', 'IC50:&nbsp430\xa0(nM) from 1 assay(s)')"
3I7G,"('BindingDB:\xa0 3I7G', 'IC50:&nbsp430\xa0(nM) from 1 assay(s)')"
3I7G,"('PDBBind:\xa0 3I7G', 'IC50:&nbsp430\xa0(nM) from 1 assay(s)')"
3I7I,"('518', 'BindingDB:\xa0 3I7I', 'IC50:&nbsp620\xa0(nM) from 1 assay(s)')"
3I7I,"('Binding MOAD:\xa0 3I7I', 'IC50:&nbsp620\xa0(nM) from 1 assay(s)')"
3I7I,"('PDBBind:\xa0 3I7I', 'IC50:&nbsp620\xa0(nM) from 1 assay(s)')"
3I7Z,"('VO4', 'BindingDB:\xa0 3I7Z', 'IC50:&nbspmin: 25.39, max: 1.52e+4\xa0(nM) from 12 assay(s)')"
3I80,"('VO4', 'BindingDB:\xa0 3I80', 'IC50:&nbspmin: 25.39, max: 1.52e+4\xa0(nM) from 12 assay(s)')"
3I81,"('EBI', 'PDBBind:\xa0 3I81', 'IC50:&nbsp13\xa0(nM) from 1 assay(s)')"
3I81,"('BindingDB:\xa0 3I81', 'IC50:&nbsp2\xa0(nM) from 1 assay(s)')"
3I81,"('Binding MOAD:\xa0 3I81', 'IC50:&nbsp13\xa0(nM) from 1 assay(s)')"
3I8V,"('0MO', 'BindingDB:\xa0 3I8V', 'IC50:&nbspmin: 4300, max: 2.60e+4\xa0(nM) from 3 assay(s)')"
3I8V,EC50:&nbsp3300 (nM) from 1 assay(s)
3I97,"('8DR', 'PDBBind:\xa0 3I97', 'IC50:&nbsp3000\xa0(nM) from 1 assay(s)')"
3IA6,"('UNT', 'BindingDB:\xa0 3IA6', 'IC50:&nbspmin: 3, max: 5\xa0(nM) from 2 assay(s)')"
3IA6,"EC50:&nbspmin: 13, max: 15 (nM) from 2 assay(s)"
3IA6,"('PDBBind:\xa0 3IA6', 'IC50:&nbsp3\xa0(nM) from 1 assay(s)')"
3IA6,"('Binding MOAD:\xa0 3IA6', 'IC50:&nbsp3\xa0(nM) from 1 assay(s)')"
3IAD,"('15X', 'PDBBind:\xa0 3IAD', 'IC50:&nbsp1\xa0(nM) from 1 assay(s)')"
3IAI,"('AZM', 'BindingDB:\xa0 3IAI', 'Ki:&nbspmin: 0.06, max: 30\xa0(nM) from 12 assay(s)')"
3IAI,"Kd:&nbspmin: 0.03, max: 50 (nM) from 12 assay(s)"
3IAI,"IC50:&nbspmin: 2.6, max: 2134 (nM) from 61 assay(s)"
3IAI,"('PO4', 'BindingDB:\xa0 3IAI', 'Ki:&nbsp5.60e+5\xa0(nM) from 1 assay(s)')"
3IBI,"('BOW', 'BindingDB:\xa0 3IBI', 'Ki:&nbspmin: 2.6, max: 8000\xa0(nM) from 3 assay(s)')"
3IBI,"('PDBBind:\xa0 3IBI', 'Ki:&nbsp2.6\xa0(nM) from 1 assay(s)')"
3IBI,"('Binding MOAD:\xa0 3IBI', 'Ki:&nbsp2.6\xa0(nM) from 1 assay(s)')"
3IBI,"('CL', 'BindingDB:\xa0 3IBI', 'Ki:&nbspmin: 2.00e+8, max: 2.00e+8\xa0(nM) from 2 assay(s)')"
3IBL,"('CL', 'BindingDB:\xa0 3IBL', 'Ki:&nbspmin: 2.00e+8, max: 2.00e+8\xa0(nM) from 2 assay(s)')"
3IBL,"('O59', 'Binding MOAD:\xa0 3IBL', 'Ki:&nbsp14.6\xa0(nM) from 1 assay(s)')"
3IBL,"('PDBBind:\xa0 3IBL', 'Ki:&nbsp14.6\xa0(nM) from 1 assay(s)')"
3IBL,"('BindingDB:\xa0 3IBL', 'Ki:&nbsp14.6\xa0(nM) from 1 assay(s)')"
3IBN,"('O60', 'Binding MOAD:\xa0 3IBN', 'Ki:&nbsp24.5\xa0(nM) from 1 assay(s)')"
3IBN,"('BindingDB:\xa0 3IBN', 'Ki:&nbsp24.5\xa0(nM) from 1 assay(s)')"
3IBN,"('PDBBind:\xa0 3IBN', 'Ki:&nbsp24.5\xa0(nM) from 1 assay(s)')"
3IBN,"('CL', 'BindingDB:\xa0 3IBN', 'Ki:&nbspmin: 2.00e+8, max: 2.00e+8\xa0(nM) from 2 assay(s)')"
3IBU,"('O48', 'Binding MOAD:\xa0 3IBU', 'Ki:&nbsp0.7\xa0(nM) from 1 assay(s)')"
3IBU,"('PDBBind:\xa0 3IBU', 'Ki:&nbsp0.7\xa0(nM) from 1 assay(s)')"
3IBU,"('BindingDB:\xa0 3IBU', 'Ki:&nbsp0.7\xa0(nM) from 1 assay(s)')"
3IBU,"('CL', 'BindingDB:\xa0 3IBU', 'Ki:&nbspmin: 2.00e+8, max: 2.00e+8\xa0(nM) from 2 assay(s)')"
3ID8,"('MRK', 'BindingDB:\xa0 3ID8', 'Kd:&nbsp360\xa0(nM) from 1 assay(s)')"
3ID8,EC50:&nbsp67.11 (nM) from 1 assay(s)
3IDP,"('L1E', 'BindingDB:\xa0 3IDP', 'Ki:&nbsp1\xa0(nM) from 1 assay(s)')"
3IDP,"IC50:&nbspmin: 1.6, max: 2 (nM) from 2 assay(s)"
3IDP,EC50:&nbsp1.8 (nM) from 1 assay(s)
3IDP,"('PDBBind:\xa0 3IDP', 'IC50:&nbsp1.6\xa0(nM) from 1 assay(s)')"
3IE3,"('N11', 'BindingDB:\xa0 3IE3', 'Ki:&nbsp1850\xa0(nM) from 1 assay(s)')"
3IE3,"IC50:&nbspmin: 800, max: 1460 (nM) from 2 assay(s)"
3IE3,"('Binding MOAD:\xa0 3IE3', 'Kd:&nbsp210\xa0(nM) from 1 assay(s)')"
3IE3,"('PDBBind:\xa0 3IE3', 'Kd:&nbsp210\xa0(nM) from 1 assay(s)')"
3IEJ,"('599', 'PDBBind:\xa0 3IEJ', 'IC50:&nbsp220\xa0(nM) from 1 assay(s)')"
3IEJ,"('BindingDB:\xa0 3IEJ', 'IC50:&nbsp220\xa0(nM) from 1 assay(s)')"
3IEJ,"('Binding MOAD:\xa0 3IEJ', 'IC50:&nbsp220\xa0(nM) from 1 assay(s)')"
3IEO,"('AMJ', 'PDBBind:\xa0 3IEO', 'Ki:&nbsp331\xa0(nM) from 1 assay(s)')"
3IEO,"('Binding MOAD:\xa0 3IEO', 'Ki:&nbsp331\xa0(nM) from 1 assay(s)')"
3IG6,"('438', 'PDBBind:\xa0 3IG6', 'IC50:&nbsp25\xa0(nM) from 1 assay(s)')"
3IG6,"('BindingDB:\xa0 3IG6', 'IC50:&nbsp25\xa0(nM) from 1 assay(s)')"
3IG6,"('Binding MOAD:\xa0 3IG6', 'IC50:&nbsp25\xa0(nM) from 1 assay(s)')"
3IG7,"('EFP', 'PDBBind:\xa0 3IG7', 'IC50:&nbsp63\xa0(nM) from 1 assay(s)')"
3IG7,"('Binding MOAD:\xa0 3IG7', 'IC50:&nbsp9\xa0(nM) from 1 assay(s)')"
3IGB,"('454', 'PDBBind:\xa0 3IGB', 'IC50:&nbsp3.80e+4\xa0(nM) from 1 assay(s)')"
3IGB,"('BindingDB:\xa0 3IGB', 'IC50:&nbspmin: 2.70e+4, max: 3.80e+4\xa0(nM) from 2 assay(s)')"
3IGB,EC50:&nbsp1.60e+4 (nM) from 1 assay(s)
3IGB,"('Binding MOAD:\xa0 3IGB', 'IC50:&nbsp3.80e+4\xa0(nM) from 1 assay(s)')"
3IGG,"('EFQ', 'Binding MOAD:\xa0 3IGG', 'IC50:&nbsp95\xa0(nM) from 1 assay(s)')"
3IGG,"('PDBBind:\xa0 3IGG', 'IC50:&nbsp66.5\xa0(nM) from 1 assay(s)')"
3IGP,"('DT7', 'Binding MOAD:\xa0 3IGP', 'Ki:&nbsp32.8\xa0(nM) from 1 assay(s)')"
3IGP,"('PDBBind:\xa0 3IGP', 'Ki:&nbsp94.5\xa0(nM) from 1 assay(s)')"
3II5,"('831', 'PDBBind:\xa0 3II5', 'IC50:&nbsp24\xa0(nM) from 1 assay(s)')"
3II5,"('BindingDB:\xa0 3II5', 'IC50:&nbsp24\xa0(nM) from 1 assay(s)')"
3IIT,"('D14', 'PDBBind:\xa0 3IIT', 'IC50:&nbsp9.5\xa0(nM) from 1 assay(s)')"
3IIT,"('BindingDB:\xa0 3IIT', 'IC50:&nbsp9.5\xa0(nM) from 1 assay(s)')"
3IIT,"('Binding MOAD:\xa0 3IIT', 'IC50:&nbsp9.5\xa0(nM) from 1 assay(s)')"
3IJG,"('AVR', 'Binding MOAD:\xa0 3IJG', 'Kd:&nbsp5.40e+4\xa0(nM) from 1 assay(s)')"
3IJG,"('PDBBind:\xa0 3IJG', 'Kd:&nbsp5.40e+4\xa0(nM) from 1 assay(s)')"
3IKA,"('0UN', 'BindingDB:\xa0 3IKA', 'Kd:&nbspmin: 0.3, max: 46\xa0(nM) from 4 assay(s)')"
3IKA,"IC50:&nbspmin: 0.04, max: 120 (nM) from 32 assay(s)"
3IKA,"EC50:&nbspmin: 26, max: 989 (nM) from 5 assay(s)"
3IKA,"('PDBBind:\xa0 3IKA', 'IC50:&nbsp14\xa0(nM) from 1 assay(s)')"
3IKD,"('J9Z', 'BindingDB:\xa0 3IKD', 'Ki:&nbsp179\xa0(nM) from 1 assay(s)')"
3IKD,Kd:&nbsp72 (nM) from 1 assay(s)
3IKD,"IC50:&nbspmin: 180, max: 300 (nM) from 2 assay(s)"
3IKD,"('PDBBind:\xa0 3IKD', 'Ki:&nbsp179\xa0(nM) from 1 assay(s)')"
3IKG,"('J8Z', 'PDBBind:\xa0 3IKG', 'Ki:&nbsp57\xa0(nM) from 1 assay(s)')"
3ILZ,"('B72', 'BindingDB:\xa0 3ILZ', 'Ki:&nbsp1.09\xa0(nM) from 1 assay(s)')"
3ILZ,"Kd:&nbspmin: 0.44, max: 2.5 (nM) from 4 assay(s)"
3ILZ,"EC50:&nbspmin: 3, max: 74.7 (nM) from 3 assay(s)"
3IMD,"('FYQ', 'Binding MOAD:\xa0 3IMD', 'Ka:&nbsp5.60e+5\xa0(M^-1) from 1 assay(s)')"
3IMJ,"('AYI', 'Binding MOAD:\xa0 3IMJ', 'Ka:&nbsp2.10e+6\xa0(M^-1) from 1 assay(s)')"
3IMY,"('B72', 'BindingDB:\xa0 3IMY', 'Ki:&nbsp0.32\xa0(nM) from 1 assay(s)')"
3IMY,"Kd:&nbspmin: 0.07, max: 0.2 (nM) from 3 assay(s)"
3IMY,"EC50:&nbspmin: 2.82, max: 18 (nM) from 3 assay(s)"
3IMY,"('PDBBind:\xa0 3IMY', 'Kd:&nbsp0.2\xa0(nM) from 1 assay(s)')"
3IN3,"('472', 'Binding MOAD:\xa0 3IN3', 'IC50:&nbsp60\xa0(nM) from 1 assay(s)')"
3IN3,"('PDBBind:\xa0 3IN3', 'IC50:&nbsp60\xa0(nM) from 1 assay(s)')"
3IN3,"('BindingDB:\xa0 3IN3', 'IC50:&nbsp60\xa0(nM) from 1 assay(s)')"
3IN4,"('BX2', 'PDBBind:\xa0 3IN4', 'IC50:&nbsp30\xa0(nM) from 1 assay(s)')"
3IN4,"('Binding MOAD:\xa0 3IN4', 'IC50:&nbsp40\xa0(nM) from 1 assay(s)')"
3IN4,"('BindingDB:\xa0 3IN4', 'IC50:&nbspmin: 30, max: 40\xa0(nM) from 2 assay(s)')"
3IN7,"('AYQ', 'Binding MOAD:\xa0 3IN7', 'Ka:&nbsp1.20e+6\xa0(M^-1) from 1 assay(s)')"
3IN8,"('FYI', 'Binding MOAD:\xa0 3IN8', 'Ka:&nbsp4.00e+5\xa0(M^-1) from 1 assay(s)')"
3IND,"('593', 'PDBBind:\xa0 3IND', 'IC50:&nbsp1530\xa0(nM) from 1 assay(s)')"
3IND,"('BindingDB:\xa0 3IND', 'IC50:&nbspmin: 1530, max: 1531\xa0(nM) from 2 assay(s)')"
3IND,EC50:&nbsp930 (nM) from 1 assay(s)
3IND,"('Binding MOAD:\xa0 3IND', 'IC50:&nbsp1530\xa0(nM) from 1 assay(s)')"
3INE,"('X17', 'BindingDB:\xa0 3INE', 'IC50:&nbspmin: 170, max: 270\xa0(nM) from 2 assay(s)')"
3INE,"EC50:&nbspmin: 130, max: 230 (nM) from 2 assay(s)"
3INE,"('Binding MOAD:\xa0 3INE', 'IC50:&nbsp170\xa0(nM) from 1 assay(s)')"
3INE,"('PDBBind:\xa0 3INE', 'IC50:&nbsp170\xa0(nM) from 1 assay(s)')"
3INF,"('X45', 'Binding MOAD:\xa0 3INF', 'IC50:&nbsp40\xa0(nM) from 1 assay(s)')"
3INF,"('BindingDB:\xa0 3INF', 'IC50:&nbsp40\xa0(nM) from 1 assay(s)')"
3INF,EC50:&nbsp120 (nM) from 1 assay(s)
3INF,"('PDBBind:\xa0 3INF', 'IC50:&nbsp40\xa0(nM) from 1 assay(s)')"
3INH,"('569', 'Binding MOAD:\xa0 3INH', 'IC50:&nbsp20\xa0(nM) from 1 assay(s)')"
3INH,"('BindingDB:\xa0 3INH', 'IC50:&nbspmin: 20, max: 40\xa0(nM) from 2 assay(s)')"
3INH,"EC50:&nbspmin: 20, max: 270 (nM) from 3 assay(s)"
3INH,"('PDBBind:\xa0 3INH', 'IC50:&nbsp20\xa0(nM) from 1 assay(s)')"
3INW,"('JZB', 'Binding MOAD:\xa0 3INW', 'IC50:&nbsp39\xa0(nM) from 1 assay(s)')"
3INX,"('JZC', 'Binding MOAD:\xa0 3INX', 'IC50:&nbsp22\xa0(nM) from 1 assay(s)')"
3INY,"('7DG', 'PDBBind:\xa0 3INY', 'Kd:&nbsp2.17e+5\xa0(nM) from 1 assay(s)')"
3IO7,"('1P5', 'PDBBind:\xa0 3IO7', 'Ki:&nbsp17\xa0(nM) from 1 assay(s)')"
3IO7,"('BindingDB:\xa0 3IO7', 'Ki:&nbsp7\xa0(nM) from 1 assay(s)')"
3IO7,IC50:&nbsp2.00e+4 (nM) from 1 assay(s)
3IOI,"('1GW', 'Binding MOAD:\xa0 3IOI', 'Ki:&nbsp530\xa0(nM) from 1 assay(s)')"
3IOI,"('PDBBind:\xa0 3IOI', 'Ki:&nbsp530\xa0(nM) from 1 assay(s)')"
3IOK,"('1P6', 'PDBBind:\xa0 3IOK', 'Ki:&nbsp11\xa0(nM) from 1 assay(s)')"
3IOK,"('Binding MOAD:\xa0 3IOK', 'Ki:&nbsp0.2\xa0(nM) from 1 assay(s)')"
3ION,"('8H1', 'Binding MOAD:\xa0 3ION', 'IC50:&nbsp8\xa0(nM) from 1 assay(s)')"
3ION,"('PDBBind:\xa0 3ION', 'IC50:&nbsp8\xa0(nM) from 1 assay(s)')"
3ION,"('BindingDB:\xa0 3ION', 'IC50:&nbsp8\xa0(nM) from 1 assay(s)')"
3IOP,"('8I1', 'Binding MOAD:\xa0 3IOP', 'IC50:&nbsp17\xa0(nM) from 1 assay(s)')"
3IOP,"('BindingDB:\xa0 3IOP', 'IC50:&nbsp17\xa0(nM) from 1 assay(s)')"
3IOP,"('PDBBind:\xa0 3IOP', 'IC50:&nbsp17\xa0(nM) from 1 assay(s)')"
3IPB,"('JZD', 'Binding MOAD:\xa0 3IPB', 'IC50:&nbsp200\xa0(nM) from 1 assay(s)')"
3IPB,"('PDBBind:\xa0 3IPB', 'IC50:&nbsp200\xa0(nM) from 1 assay(s)')"
3IPE,"('JZE', 'Binding MOAD:\xa0 3IPE', 'IC50:&nbsp150\xa0(nM) from 1 assay(s)')"
3IPE,"('PDBBind:\xa0 3IPE', 'IC50:&nbsp150\xa0(nM) from 1 assay(s)')"
3IPH,"('G11', 'PDBBind:\xa0 3IPH', 'Ki:&nbsp25.1\xa0(nM) from 1 assay(s)')"
3IPH,"('BindingDB:\xa0 3IPH', 'Ki:&nbspmin: 9, max: 25.12\xa0(nM) from 2 assay(s)')"
3IPH,"IC50:&nbspmin: 316, max: 316.23 (nM) from 2 assay(s)"
3IPH,"('Binding MOAD:\xa0 3IPH', 'Ki:&nbsp25.1\xa0(nM) from 1 assay(s)')"
3IPQ,"('965', 'PDBBind:\xa0 3IPQ', 'Ki:&nbsp27\xa0(nM) from 1 assay(s)')"
3IPQ,"('Binding MOAD:\xa0 3IPQ', 'Ki:&nbsp27\xa0(nM) from 1 assay(s)')"
3IPQ,"('BindingDB:\xa0 3IPQ', 'IC50:&nbspmin: 100, max: 235\xa0(nM) from 3 assay(s)')"
3IPQ,"EC50:&nbspmin: 22, max: 1300 (nM) from 13 assay(s)"
3IPS,"('O90', 'PDBBind:\xa0 3IPS', 'Ki:&nbsp64\xa0(nM) from 1 assay(s)')"
3IPS,"('Binding MOAD:\xa0 3IPS', 'Ki:&nbsp64\xa0(nM) from 1 assay(s)')"
3IPS,"('BindingDB:\xa0 3IPS', 'IC50:&nbspmin: 32, max: 35\xa0(nM) from 2 assay(s)')"
3IPS,"EC50:&nbspmin: 35, max: 5900 (nM) from 3 assay(s)"
3IPU,"('O40', 'PDBBind:\xa0 3IPU', 'Ki:&nbsp48\xa0(nM) from 1 assay(s)')"
3IPU,"('Binding MOAD:\xa0 3IPU', 'Ki:&nbsp48\xa0(nM) from 1 assay(s)')"
3IPX,"('B86', 'BindingDB:\xa0 3IPX', 'IC50:&nbspmin: 4000, max: 1.20e+5\xa0(nM) from 2 assay(s)')"
3IPX,"('PDBBind:\xa0 3IPX', 'IC50:&nbsp120\xa0(nM) from 1 assay(s)')"
3IPX,"('Binding MOAD:\xa0 3IPX', 'IC50:&nbsp120\xa0(nM) from 1 assay(s)')"
3IPY,"('B87', 'BindingDB:\xa0 3IPY', 'IC50:&nbspmin: 510, max: 5.10e+5\xa0(nM) from 3 assay(s)')"
3IPY,"('PDBBind:\xa0 3IPY', 'IC50:&nbsp510\xa0(nM) from 1 assay(s)')"
3IQV,"('FSC', 'Binding MOAD:\xa0 3IQV', 'Kd:&nbsp6600\xa0(nM) from 1 assay(s)')"
3ISD,"('F2A', 'BindingDB:\xa0 3ISD', 'Ki:&nbsp5000\xa0(nM) from 1 assay(s)')"
3ITU,"('IBM', 'Binding MOAD:\xa0 3ITU', 'IC50:&nbsp4.00e+4\xa0(nM) from 1 assay(s)')"
3ITU,"('PDBBind:\xa0 3ITU', 'IC50:&nbsp4.00e+4\xa0(nM) from 1 assay(s)')"
3ITZ,"('P66', 'BindingDB:\xa0 3ITZ', 'Ki:&nbsp1\xa0(nM) from 1 assay(s)')"
3ITZ,"IC50:&nbspmin: 1.4, max: 4 (nM) from 2 assay(s)"
3ITZ,"('Binding MOAD:\xa0 3ITZ', 'IC50:&nbsp1.4\xa0(nM) from 1 assay(s)')"
3ITZ,"('PDBBind:\xa0 3ITZ', 'IC50:&nbsp1.4\xa0(nM) from 1 assay(s)')"
3IUC,"('ADP', 'PDBBind:\xa0 3IUC', 'Kd:&nbsp2170\xa0(nM) from 1 assay(s)')"
3IVH,"('1LI', 'PDBBind:\xa0 3IVH', 'IC50:&nbsp47\xa0(nM) from 1 assay(s)')"
3IVH,"('BindingDB:\xa0 3IVH', 'IC50:&nbsp47\xa0(nM) from 1 assay(s)')"
3IVH,"('Binding MOAD:\xa0 3IVH', 'IC50:&nbsp47\xa0(nM) from 1 assay(s)')"
3IVI,"('2LI', 'Binding MOAD:\xa0 3IVI', 'IC50:&nbsp12\xa0(nM) from 1 assay(s)')"
3IVI,"('BindingDB:\xa0 3IVI', 'IC50:&nbsp12\xa0(nM) from 1 assay(s)')"
3IVI,"('PDBBind:\xa0 3IVI', 'IC50:&nbsp12\xa0(nM) from 1 assay(s)')"
3IW4,"('LW4', 'PDBBind:\xa0 3IW4', 'IC50:&nbsp2.1\xa0(nM) from 1 assay(s)')"
3IW4,"('BindingDB:\xa0 3IW4', 'IC50:&nbsp2.1\xa0(nM) from 1 assay(s)')"
3IW5,"('DF3', 'PDBBind:\xa0 3IW5', 'Kd:&nbsp839\xa0(nM) from 1 assay(s)')"
3IW5,"('Binding MOAD:\xa0 3IW5', 'Kd:&nbsp839\xa0(nM) from 1 assay(s)')"
3IW6,"('PP0', 'PDBBind:\xa0 3IW6', 'Kd:&nbsp3290\xa0(nM) from 1 assay(s)')"
3IW6,"('Binding MOAD:\xa0 3IW6', 'Kd:&nbsp3290\xa0(nM) from 1 assay(s)')"
3IW7,"('IPK', 'PDBBind:\xa0 3IW7', 'Kd:&nbsp2300\xa0(nM) from 1 assay(s)')"
3IW8,"('HIZ', 'PDBBind:\xa0 3IW8', 'Kd:&nbsp1.34e+4\xa0(nM) from 1 assay(s)')"
3IW8,"('Binding MOAD:\xa0 3IW8', 'Kd:&nbsp1.34e+4\xa0(nM) from 1 assay(s)')"
3IWE,"('646', 'BindingDB:\xa0 3IWE', 'Ki:&nbspmin: 4, max: 300\xa0(nM) from 13 assay(s)')"
3IWE,"IC50:&nbspmin: 3, max: 4 (nM) from 2 assay(s)"
3IWW,"('YZE', 'PDBBind:\xa0 3IWW', 'Ki:&nbsp11\xa0(nM) from 1 assay(s)')"
3IWW,"('BindingDB:\xa0 3IWW', 'Ki:&nbsp11\xa0(nM) from 1 assay(s)')"
3IWW,"('Binding MOAD:\xa0 3IWW', 'Ki:&nbsp11\xa0(nM) from 1 assay(s)')"
3IXJ,"('586', 'BindingDB:\xa0 3IXJ', 'Ki:&nbsp1\xa0(nM) from 1 assay(s)')"
3IXJ,IC50:&nbsp0.32 (nM) from 1 assay(s)
3IXJ,"('Binding MOAD:\xa0 3IXJ', 'IC50:&nbsp0.32\xa0(nM) from 1 assay(s)')"
3IXJ,"('PDBBind:\xa0 3IXJ', 'IC50:&nbsp0.32\xa0(nM) from 1 assay(s)')"
3IXK,"('929', 'Binding MOAD:\xa0 3IXK', 'IC50:&nbsp6.6\xa0(nM) from 1 assay(s)')"
3IXK,"('BindingDB:\xa0 3IXK', 'IC50:&nbspmin: 6.6, max: 4500\xa0(nM) from 2 assay(s)')"
3IXK,"('PDBBind:\xa0 3IXK', 'IC50:&nbsp6.6\xa0(nM) from 1 assay(s)')"
3IZ0,"('TA1', 'BindingDB:\xa0 3IZ0', 'EC50:&nbsp520\xa0(nM) from 1 assay(s)')"
3JDW,"('ORN', 'Binding MOAD:\xa0 3JDW', 'Ki:&nbsp2.53e+5\xa0(nM) from 1 assay(s)')"
3JDW,"('PDBBind:\xa0 3JDW', 'Ki:&nbsp2.53e+5\xa0(nM) from 1 assay(s)')"
3JPV,"('1DR', 'Binding MOAD:\xa0 3JPV', 'IC50:&nbsp120\xa0(nM) from 1 assay(s)')"
3JPV,"('PDBBind:\xa0 3JPV', 'IC50:&nbsp120\xa0(nM) from 1 assay(s)')"
3JPV,"('BindingDB:\xa0 3JPV', 'IC50:&nbsp120\xa0(nM) from 1 assay(s)')"
3JRX,"('S1A', 'Binding MOAD:\xa0 3JRX', 'Kd:&nbsp1\xa0(nM) from 1 assay(s)')"
3JRX,"('PDBBind:\xa0 3JRX', 'Kd:&nbsp1\xa0(nM) from 1 assay(s)')"
3JSI,"('WTC', 'PDBBind:\xa0 3JSI', 'IC50:&nbsp2.1\xa0(nM) from 1 assay(s)')"
3JSI,"('BindingDB:\xa0 3JSI', 'IC50:&nbspmin: 0.8, max: 2.1\xa0(nM) from 2 assay(s)')"
3JSW,"('JAR', 'Binding MOAD:\xa0 3JSW', 'IC50:&nbsp66\xa0(nM) from 1 assay(s)')"
3JSW,"('PDBBind:\xa0 3JSW', 'IC50:&nbsp66\xa0(nM) from 1 assay(s)')"
3JSW,"('BindingDB:\xa0 3JSW', 'IC50:&nbsp66\xa0(nM) from 1 assay(s)')"
3JSX,"('CC2', 'BindingDB:\xa0 3JSX', 'IC50:&nbspmin: 7.7, max: 1095\xa0(nM) from 2 assay(s)')"
3JSX,"('Binding MOAD:\xa0 3JSX', 'IC50:&nbsp7.7\xa0(nM) from 1 assay(s)')"
3JUS,"('ECL', 'BindingDB:\xa0 3JUS', 'IC50:&nbsp50\xa0(nM) from 1 assay(s)')"
3JVR,"('AGX', 'Binding MOAD:\xa0 3JVR', 'Ki:&nbsp1890\xa0(nM) from 1 assay(s)')"
3JVR,"('PDBBind:\xa0 3JVR', 'Ki:&nbsp1890\xa0(nM) from 1 assay(s)')"
3JVR,"('BindingDB:\xa0 3JVR', 'Ki:&nbsp1890\xa0(nM) from 1 assay(s)')"
3JVS,"('AGY', 'Binding MOAD:\xa0 3JVS', 'Kd:&nbsp290\xa0(nM) from 1 assay(s)')"
3JVS,"('PDBBind:\xa0 3JVS', 'Kd:&nbsp290\xa0(nM) from 1 assay(s)')"
3JWE,"('F4P', 'BindingDB:\xa0 3JWE', 'IC50:&nbspmin: 0.85, max: 0.9\xa0(nM) from 2 assay(s)')"
3JWQ,"('VIA', 'BindingDB:\xa0 3JWQ', 'Ki:&nbspmin: 1.6, max: 10\xa0(nM) from 4 assay(s)')"
3JWQ,"IC50:&nbspmin: 0.3, max: 1000 (nM) from 31 assay(s)"
3JWQ,"EC50:&nbspmin: 8.7, max: 1000 (nM) from 3 assay(s)"
3JWQ,"('PDBBind:\xa0 3JWQ', 'Ki:&nbsp25\xa0(nM) from 1 assay(s)')"
3JWR,"('IBM', 'PDBBind:\xa0 3JWR', 'Ki:&nbsp8.5\xa0(nM) from 1 assay(s)')"
3JXU,"('ADP', 'BindingDB:\xa0 3JXU', 'Kd:&nbspmin: 320, max: 324\xa0(nM) from 2 assay(s)')"
3JXU,IC50:&nbsp280 (nM) from 1 assay(s)
3JXW,"('LXG', 'BindingDB:\xa0 3JXW', 'Ki:&nbsp1\xa0(nM) from 1 assay(s)')"
3JXW,"('PDBBind:\xa0 3JXW', 'Ki:&nbsp1\xa0(nM) from 1 assay(s)')"
3JY0,"('LYG', 'PDBBind:\xa0 3JY0', 'Ki:&nbsp5\xa0(nM) from 1 assay(s)')"
3JY0,"('BindingDB:\xa0 3JY0', 'Ki:&nbsp5\xa0(nM) from 1 assay(s)')"
3JY9,"('JZH', 'Binding MOAD:\xa0 3JY9', 'Ki:&nbsp1\xa0(nM) from 1 assay(s)')"
3JY9,"('PDBBind:\xa0 3JY9', 'Ki:&nbsp1\xa0(nM) from 1 assay(s)')"
3JY9,"('BindingDB:\xa0 3JY9', 'Ki:&nbsp1\xa0(nM) from 1 assay(s)')"
3JY9,IC50:&nbsp270 (nM) from 1 assay(s)
3JYA,"('LWG', 'BindingDB:\xa0 3JYA', 'Ki:&nbsp130.1\xa0(nM) from 1 assay(s)')"
3JYA,"('PDBBind:\xa0 3JYA', 'Ki:&nbsp130.1\xa0(nM) from 1 assay(s)')"
3JYJ,"('JZI', 'Binding MOAD:\xa0 3JYJ', 'Ki:&nbsp1800\xa0(nM) from 1 assay(s)')"
3JYJ,"('PDBBind:\xa0 3JYJ', 'Ki:&nbsp1800\xa0(nM) from 1 assay(s)')"
3JYJ,"('BindingDB:\xa0 3JYJ', 'Ki:&nbsp1800\xa0(nM) from 1 assay(s)')"
3JYJ,IC50:&nbsp5.00e+4 (nM) from 1 assay(s)
3JZB,"('4HY', 'PDBBind:\xa0 3JZB', 'IC50:&nbsp0.97\xa0(nM) from 1 assay(s)')"
3JZB,"('BindingDB:\xa0 3JZB', 'IC50:&nbspmin: 0.14, max: 0.14\xa0(nM) from 2 assay(s)')"
3JZB,"('Binding MOAD:\xa0 3JZB', 'IC50:&nbsp0.1\xa0(nM) from 1 assay(s)')"
3JZC,"('4HY', 'BindingDB:\xa0 3JZC', 'IC50:&nbspmin: 0.04, max: 0.15\xa0(nM) from 4 assay(s)')"
3JZC,"('Binding MOAD:\xa0 3JZC', 'IC50:&nbsp1\xa0(nM) from 1 assay(s)')"
3JZC,"('PDBBind:\xa0 3JZC', 'IC50:&nbsp2.94\xa0(nM) from 1 assay(s)')"
3JZK,"('YIN', 'Binding MOAD:\xa0 3JZK', 'IC50:&nbsp1230\xa0(nM) from 1 assay(s)')"
3JZK,"('PDBBind:\xa0 3JZK', 'IC50:&nbsp1230\xa0(nM) from 1 assay(s)')"
3K0J,"('TPP', 'PDBBind:\xa0 3K0J', 'Kd:&nbsp8.65\xa0(nM) from 1 assay(s)')"
3K22,"('JZS', 'PDBBind:\xa0 3K22', 'IC50:&nbsp12.59\xa0(nM) from 1 assay(s)')"
3K23,"('JZN', 'PDBBind:\xa0 3K23', 'IC50:&nbsp6.3\xa0(nM) from 1 assay(s)')"
3K3B,"('L31', 'BindingDB:\xa0 3K3B', 'IC50:&nbsp200\xa0(nM) from 1 assay(s)')"
3K3B,"('PDBBind:\xa0 3K3B', 'IC50:&nbsp200\xa0(nM) from 1 assay(s)')"
3K3B,"('Binding MOAD:\xa0 3K3B', 'IC50:&nbsp200\xa0(nM) from 1 assay(s)')"
3K3E,"('PDB', 'PDBBind:\xa0 3K3E', 'IC50:&nbsp22\xa0(nM) from 1 assay(s)')"
3K3H,"('BYE', 'PDBBind:\xa0 3K3H', 'IC50:&nbsp88\xa0(nM) from 1 assay(s)')"
3K3I,"('JZJ', 'PDBBind:\xa0 3K3I', 'IC50:&nbsp1900\xa0(nM) from 1 assay(s)')"
3K3J,"('F4C', 'BindingDB:\xa0 3K3J', 'IC50:&nbspmin: 2400, max: 1.25e+4\xa0(nM) from 2 assay(s)')"
3K3J,"('PDBBind:\xa0 3K3J', 'IC50:&nbsp1.25e+4\xa0(nM) from 1 assay(s)')"
3K4S,"('0MO', 'BindingDB:\xa0 3K4S', 'IC50:&nbspmin: 4800, max: 2.60e+4\xa0(nM) from 2 assay(s)')"
3K54,"('1N1', 'PDBBind:\xa0 3K54', 'Kd:&nbsp1\xa0(nM) from 1 assay(s)')"
3K54,"('BindingDB:\xa0 3K54', 'Kd:&nbsp1.4\xa0(nM) from 1 assay(s)')"
3K54,"IC50:&nbspmin: 1.3, max: 5 (nM) from 3 assay(s)"
3K5C,"('0BI', 'BindingDB:\xa0 3K5C', 'IC50:&nbspmin: 17, max: 20\xa0(nM) from 2 assay(s)')"
3K5C,"('PDBBind:\xa0 3K5C', 'IC50:&nbsp17\xa0(nM) from 1 assay(s)')"
3K5C,"('Binding MOAD:\xa0 3K5C', 'IC50:&nbsp17\xa0(nM) from 1 assay(s)')"
3K5D,"('XLI', 'PDBBind:\xa0 3K5D', 'IC50:&nbsp53\xa0(nM) from 1 assay(s)')"
3K5D,"('BindingDB:\xa0 3K5D', 'IC50:&nbsp53\xa0(nM) from 1 assay(s)')"
3K5F,"('AYH', 'BindingDB:\xa0 3K5F', 'IC50:&nbsp3700\xa0(nM) from 1 assay(s)')"
3K5F,"('PDBBind:\xa0 3K5F', 'IC50:&nbsp3700\xa0(nM) from 1 assay(s)')"
3K5F,"('Binding MOAD:\xa0 3K5F', 'IC50:&nbsp3700\xa0(nM) from 1 assay(s)')"
3K5G,"('BJC', 'Binding MOAD:\xa0 3K5G', 'IC50:&nbsp2.5\xa0(nM) from 1 assay(s)')"
3K5G,"('PDBBind:\xa0 3K5G', 'IC50:&nbsp2.5\xa0(nM) from 1 assay(s)')"
3K5K,"('SAH', 'BindingDB:\xa0 3K5K', 'Ki:&nbsp570\xa0(nM) from 1 assay(s)')"
3K5K,"IC50:&nbspmin: 1820, max: 4100 (nM) from 3 assay(s)"
3K5K,"('DXQ', 'BindingDB:\xa0 3K5K', 'Ki:&nbsp2.6\xa0(nM) from 1 assay(s)')"
3K5K,Kd:&nbsp23 (nM) from 1 assay(s)
3K5K,"IC50:&nbspmin: 15, max: 5.70e+4 (nM) from 6 assay(s)"
3K5K,"('PDBBind:\xa0 3K5K', 'Kd:&nbsp23\xa0(nM) from 1 assay(s)')"
3K5K,"('Binding MOAD:\xa0 3K5K', 'Kd:&nbsp23\xa0(nM) from 1 assay(s)')"
3K5U,"('PFQ', 'Binding MOAD:\xa0 3K5U', 'IC50:&nbsp309\xa0(nM) from 1 assay(s)')"
3K5U,"('BindingDB:\xa0 3K5U', 'IC50:&nbspmin: 273, max: 309\xa0(nM) from 2 assay(s)')"
3K5U,"('PDBBind:\xa0 3K5U', 'IC50:&nbsp309\xa0(nM) from 1 assay(s)')"
3K7K,"('KCS', 'BindingDB:\xa0 3K7K', 'Ki:&nbsp8800\xa0(nM) from 1 assay(s)')"
3K7K,"('Binding MOAD:\xa0 3K7K', 'Kd:&nbsp8.86\xa0(nM) from 1 assay(s)')"
3K8O,"('229', 'BindingDB:\xa0 3K8O', 'Ki:&nbspmin: 8.6, max: 780\xa0(nM) from 2 assay(s)')"
3K8O,Kd:&nbsp8.60e-3 (nM) from 1 assay(s)
3K8O,"('PDBBind:\xa0 3K8O', 'Kd:&nbsp8.60e-3\xa0(nM) from 1 assay(s)')"
3K8Q,"('22A', 'BindingDB:\xa0 3K8Q', 'Ki:&nbspmin: 5.20e-3, max: 5.2\xa0(nM) from 3 assay(s)')"
3K8Q,"('PDBBind:\xa0 3K8Q', 'Kd:&nbsp5.20e-3\xa0(nM) from 1 assay(s)')"
3K97,"('4CD', 'PDBBind:\xa0 3K97', 'Ki:&nbsp10\xa0(nM) from 1 assay(s)')"
3K97,"('Binding MOAD:\xa0 3K97', 'Ki:&nbsp10\xa0(nM) from 1 assay(s)')"
3K97,"('BindingDB:\xa0 3K97', 'IC50:&nbsp1000\xa0(nM) from 1 assay(s)')"
3K98,"('1RC', 'Binding MOAD:\xa0 3K98', 'Ki:&nbsp1\xa0(nM) from 1 assay(s)')"
3K98,"('PDBBind:\xa0 3K98', 'Kd:&nbsp1\xa0(nM) from 1 assay(s)')"
3K98,"('BindingDB:\xa0 3K98', 'IC50:&nbsp300\xa0(nM) from 1 assay(s)')"
3K99,"('PFT', 'PDBBind:\xa0 3K99', 'Ki:&nbsp60\xa0(nM) from 1 assay(s)')"
3K99,"('Binding MOAD:\xa0 3K99', 'Ki:&nbsp60\xa0(nM) from 1 assay(s)')"
3K99,"('BindingDB:\xa0 3K99', 'Kd:&nbsp27.3\xa0(nM) from 1 assay(s)')"
3K99,IC50:&nbsp7000 (nM) from 1 assay(s)
3K9X,"('MBM', 'Binding MOAD:\xa0 3K9X', 'IC50:&nbsp4\xa0(nM) from 1 assay(s)')"
3K9X,"('PDBBind:\xa0 3K9X', 'IC50:&nbsp4\xa0(nM) from 1 assay(s)')"
3K9X,"('BindingDB:\xa0 3K9X', 'IC50:&nbsp4\xa0(nM) from 1 assay(s)')"
3KAB,"('4BL', 'Binding MOAD:\xa0 3KAB', 'IC50:&nbsp6.30e+5\xa0(nM) from 1 assay(s)')"
3KAB,"('BindingDB:\xa0 3KAB', 'IC50:&nbsp6.30e+5\xa0(nM) from 1 assay(s)')"
3KAB,"('PDBBind:\xa0 3KAB', 'IC50:&nbsp6.30e+5\xa0(nM) from 1 assay(s)')"
3KAC,"('4BX', 'Binding MOAD:\xa0 3KAC', 'IC50:&nbsp7.40e+5\xa0(nM) from 1 assay(s)')"
3KAC,"('BindingDB:\xa0 3KAC', 'IC50:&nbspmin: 1.00e+4, max: 7.40e+5\xa0(nM) from 2 assay(s)')"
3KAC,"('PDBBind:\xa0 3KAC', 'IC50:&nbsp7.40e+5\xa0(nM) from 1 assay(s)')"
3KAD,"('4C0', 'BindingDB:\xa0 3KAD', 'IC50:&nbsp7500\xa0(nM) from 1 assay(s)')"
3KAD,"('Binding MOAD:\xa0 3KAD', 'IC50:&nbsp7500\xa0(nM) from 1 assay(s)')"
3KAD,"('PDBBind:\xa0 3KAD', 'IC50:&nbsp7500\xa0(nM) from 1 assay(s)')"
3KAF,"('4D9', 'BindingDB:\xa0 3KAF', 'Kd:&nbsp1.00e+4\xa0(nM) from 1 assay(s)')"
3KAF,IC50:&nbsp830 (nM) from 1 assay(s)
3KAF,"('Binding MOAD:\xa0 3KAF', 'IC50:&nbsp830\xa0(nM) from 1 assay(s)')"
3KAF,"('PDBBind:\xa0 3KAF', 'IC50:&nbsp830\xa0(nM) from 1 assay(s)')"
3KAG,"('4D7', 'BindingDB:\xa0 3KAG', 'IC50:&nbsp6600\xa0(nM) from 1 assay(s)')"
3KAG,"('PDBBind:\xa0 3KAG', 'IC50:&nbsp6600\xa0(nM) from 1 assay(s)')"
3KAG,"('Binding MOAD:\xa0 3KAG', 'IC50:&nbsp6600\xa0(nM) from 1 assay(s)')"
3KAH,"('4DH', 'PDBBind:\xa0 3KAH', 'IC50:&nbsp260\xa0(nM) from 1 assay(s)')"
3KAH,"('Binding MOAD:\xa0 3KAH', 'IC50:&nbsp260\xa0(nM) from 1 assay(s)')"
3KAI,"('4FI', 'PDBBind:\xa0 3KAI', 'IC50:&nbsp3900\xa0(nM) from 1 assay(s)')"
3KAI,"('BindingDB:\xa0 3KAI', 'IC50:&nbspmin: 3900, max: 4200\xa0(nM) from 2 assay(s)')"
3KAI,"('Binding MOAD:\xa0 3KAI', 'IC50:&nbsp3900\xa0(nM) from 1 assay(s)')"
3KB7,"('071', 'Binding MOAD:\xa0 3KB7', 'IC50:&nbsp7\xa0(nM) from 1 assay(s)')"
3KB7,"('BindingDB:\xa0 3KB7', 'IC50:&nbspmin: 7, max: 10\xa0(nM) from 2 assay(s)')"
3KBA,"('WOW', 'PDBBind:\xa0 3KBA', 'IC50:&nbsp16\xa0(nM) from 1 assay(s)')"
3KBA,"('Binding MOAD:\xa0 3KBA', 'IC50:&nbsp16\xa0(nM) from 1 assay(s)')"
3KBA,"('BindingDB:\xa0 3KBA', 'IC50:&nbsp16\xa0(nM) from 1 assay(s)')"
3KBA,EC50:&nbsp25 (nM) from 1 assay(s)
3KBZ,"('2T4', 'Binding MOAD:\xa0 3KBZ', 'IC50:&nbsp124\xa0(nM) from 1 assay(s)')"
3KBZ,"('PDBBind:\xa0 3KBZ', 'IC50:&nbsp124\xa0(nM) from 1 assay(s)')"
3KBZ,"('BindingDB:\xa0 3KBZ', 'IC50:&nbsp124\xa0(nM) from 1 assay(s)')"
3KC0,"('2T5', 'PDBBind:\xa0 3KC0', 'IC50:&nbsp12\xa0(nM) from 1 assay(s)')"
3KC0,"('BindingDB:\xa0 3KC0', 'IC50:&nbsp12\xa0(nM) from 1 assay(s)')"
3KC1,"('2T6', 'PDBBind:\xa0 3KC1', 'IC50:&nbsp1\xa0(nM) from 1 assay(s)')"
3KC1,"('Binding MOAD:\xa0 3KC1', 'IC50:&nbsp1\xa0(nM) from 1 assay(s)')"
3KC1,"('BindingDB:\xa0 3KC1', 'IC50:&nbsp1\xa0(nM) from 1 assay(s)')"
3KC3,"('MK2', 'BindingDB:\xa0 3KC3', 'IC50:&nbsp1300\xa0(nM) from 1 assay(s)')"
3KC3,"('PDBBind:\xa0 3KC3', 'IC50:&nbsp160\xa0(nM) from 1 assay(s)')"
3KCE,"('4BY', 'BindingDB:\xa0 3KCE', 'Kd:&nbsp2.00e+5\xa0(nM) from 1 assay(s)')"
3KCE,IC50:&nbsp1.60e+4 (nM) from 1 assay(s)
3KCE,"('PDBBind:\xa0 3KCE', 'IC50:&nbsp1.60e+4\xa0(nM) from 1 assay(s)')"
3KCE,"('12P', 'Binding MOAD:\xa0 3KCE', 'IC50:&nbsp1.60e+4\xa0(nM) from 1 assay(s)')"
3KCF,"('JZO', 'BindingDB:\xa0 3KCF', 'Ki:&nbsp35\xa0(nM) from 1 assay(s)')"
3KCF,IC50:&nbsp3690 (nM) from 1 assay(s)
3KCF,"('PDBBind:\xa0 3KCF', 'Ki:&nbsp35\xa0(nM) from 1 assay(s)')"
3KCK,"('3KC', 'PDBBind:\xa0 3KCK', 'Ki:&nbsp0.8\xa0(nM) from 1 assay(s)')"
3KCK,"('Binding MOAD:\xa0 3KCK', 'Ki:&nbsp0.8\xa0(nM) from 1 assay(s)')"
3KCZ,"('3AB', 'BindingDB:\xa0 3KCZ', 'IC50:&nbspmin: 9810, max: 4.17e+4\xa0(nM) from 2 assay(s)')"
3KDM,"('TES', 'PDBBind:\xa0 3KDM', 'Kd:&nbsp100\xa0(nM) from 1 assay(s)')"
3KDM,"('Binding MOAD:\xa0 3KDM', 'Kd:&nbsp100\xa0(nM) from 1 assay(s)')"
3KDT,"('7HA', 'PDBBind:\xa0 3KDT', 'IC50:&nbsp260\xa0(nM) from 1 assay(s)')"
3KDT,"('BindingDB:\xa0 3KDT', 'IC50:&nbsp260\xa0(nM) from 1 assay(s)')"
3KDT,"EC50:&nbspmin: 9.6, max: 488 (nM) from 6 assay(s)"
3KDU,"('NKS', 'PDBBind:\xa0 3KDU', 'IC50:&nbsp347\xa0(nM) from 1 assay(s)')"
3KDU,"('BindingDB:\xa0 3KDU', 'IC50:&nbsp347\xa0(nM) from 1 assay(s)')"
3KDU,"EC50:&nbspmin: 8, max: 8.8 (nM) from 2 assay(s)"
3KDU,"('Binding MOAD:\xa0 3KDU', 'IC50:&nbsp347\xa0(nM) from 1 assay(s)')"
3KEC,"('3KE', 'BindingDB:\xa0 3KEC', 'IC50:&nbspmin: 58, max: 130\xa0(nM) from 2 assay(s)')"
3KEC,"('Binding MOAD:\xa0 3KEC', 'IC50:&nbsp58\xa0(nM) from 1 assay(s)')"
3KEC,"('PDBBind:\xa0 3KEC', 'IC50:&nbsp58\xa0(nM) from 1 assay(s)')"
3KEJ,"('3EJ', 'PDBBind:\xa0 3KEJ', 'Ki:&nbsp75.9\xa0(nM) from 1 assay(s)')"
3KEJ,"('Binding MOAD:\xa0 3KEJ', 'Ki:&nbsp75.9\xa0(nM) from 1 assay(s)')"
3KEJ,"('BindingDB:\xa0 3KEJ', 'Ki:&nbsp76\xa0(nM) from 1 assay(s)')"
3KEK,"('3EK', 'Binding MOAD:\xa0 3KEK', 'Ki:&nbsp4.4\xa0(nM) from 1 assay(s)')"
3KEK,"('PDBBind:\xa0 3KEK', 'Ki:&nbsp4.4\xa0(nM) from 1 assay(s)')"
3KEN,"('ZZD', 'BindingDB:\xa0 3KEN', 'Ki:&nbspmin: 50, max: 143.8\xa0(nM) from 6 assay(s)')"
3KEN,"IC50:&nbspmin: 140, max: 1950 (nM) from 9 assay(s)"
3KEN,EC50:&nbsp1720 (nM) from 1 assay(s)
3KEN,"('PDBBind:\xa0 3KEN', 'IC50:&nbsp4000\xa0(nM) from 1 assay(s)')"
3KF7,"('L9G', 'Binding MOAD:\xa0 3KF7', 'IC50:&nbsp40\xa0(nM) from 1 assay(s)')"
3KF7,"('PDBBind:\xa0 3KF7', 'IC50:&nbsp40\xa0(nM) from 1 assay(s)')"
3KFC,"('61X', 'BindingDB:\xa0 3KFC', 'IC50:&nbsp40\xa0(nM) from 1 assay(s)')"
3KFC,"('Binding MOAD:\xa0 3KFC', 'IC50:&nbsp2.8\xa0(nM) from 1 assay(s)')"
3KFC,"('PDBBind:\xa0 3KFC', 'IC50:&nbsp2.8\xa0(nM) from 1 assay(s)')"
3KFJ,"('YEN', 'Binding MOAD:\xa0 3KFJ', 'Ka:&nbsp3.00e+5\xa0(M^-1) from 1 assay(s)')"
3KGA,"('LX9', 'BindingDB:\xa0 3KGA', 'IC50:&nbsp61\xa0(nM) from 1 assay(s)')"
3KGA,"('PDBBind:\xa0 3KGA', 'IC50:&nbsp61\xa0(nM) from 1 assay(s)')"
3KGP,"('4AZ', 'PDBBind:\xa0 3KGP', 'Ki:&nbsp2.68e+6\xa0(nM) from 1 assay(s)')"
3KGT,"('GEN', 'Binding MOAD:\xa0 3KGT', 'Kd:&nbsp3100\xa0(nM) from 1 assay(s)')"
3KGT,"('PDBBind:\xa0 3KGT', 'Kd:&nbsp3100\xa0(nM) from 1 assay(s)')"
3KGU,"('GEN', 'PDBBind:\xa0 3KGU', 'Kd:&nbsp1200\xa0(nM) from 1 assay(s)')"
3KGU,"('Binding MOAD:\xa0 3KGU', 'Kd:&nbsp1200\xa0(nM) from 1 assay(s)')"
3KHV,"('4AL', 'PDBBind:\xa0 3KHV', 'Ki:&nbsp1.40e+7\xa0(nM) from 1 assay(s)')"
3KID,"('2BS', 'PDBBind:\xa0 3KID', 'Ki:&nbsp6.56e+5\xa0(nM) from 1 assay(s)')"
3KIG,"('DA4', 'BindingDB:\xa0 3KIG', 'Ki:&nbsp66\xa0(nM) from 1 assay(s)')"
3KIG,"('Binding MOAD:\xa0 3KIG', 'IC50:&nbsp245\xa0(nM) from 1 assay(s)')"
3KIG,"('PDBBind:\xa0 3KIG', 'IC50:&nbsp245\xa0(nM) from 1 assay(s)')"
3KIV,"('ACA', 'Binding MOAD:\xa0 3KIV', 'Kd:&nbsp2.00e+4\xa0(nM) from 1 assay(s)')"
3KIV,"('PDBBind:\xa0 3KIV', 'Kd:&nbsp2.00e+4\xa0(nM) from 1 assay(s)')"
3KJD,"('78P', 'Binding MOAD:\xa0 3KJD', 'Kd:&nbsp2.9\xa0(nM) from 1 assay(s)')"
3KJD,"('PDBBind:\xa0 3KJD', 'Kd:&nbsp2.9\xa0(nM) from 1 assay(s)')"
3KJD,"('BindingDB:\xa0 3KJD', 'Kd:&nbsp5.8\xa0(nM) from 1 assay(s)')"
3KJD,"IC50:&nbspmin: 1.3, max: 138 (nM) from 8 assay(s)"
3KJF,"('B92', 'PDBBind:\xa0 3KJF', 'Ki:&nbsp1.34e+4\xa0(nM) from 1 assay(s)')"
3KJN,"('B93', 'PDBBind:\xa0 3KJN', 'Ki:&nbsp6440\xa0(nM) from 1 assay(s)')"
3KJQ,"('B94', 'PDBBind:\xa0 3KJQ', 'Ki:&nbsp1320\xa0(nM) from 1 assay(s)')"
3KJQ,"('Binding MOAD:\xa0 3KJQ', 'Ki:&nbsp1320\xa0(nM) from 1 assay(s)')"
3KL6,"('443', 'BindingDB:\xa0 3KL6', 'Ki:&nbsp1.8\xa0(nM) from 1 assay(s)')"
3KL6,"IC50:&nbspmin: 2.2, max: 3.5 (nM) from 2 assay(s)"
3KL6,"('Binding MOAD:\xa0 3KL6', 'IC50:&nbsp3.5\xa0(nM) from 1 assay(s)')"
3KL6,"('PDBBind:\xa0 3KL6', 'IC50:&nbsp3.5\xa0(nM) from 1 assay(s)')"
3KM4,"('22X', 'Binding MOAD:\xa0 3KM4', 'IC50:&nbsp1.3\xa0(nM) from 1 assay(s)')"
3KM4,"('PDBBind:\xa0 3KM4', 'IC50:&nbsp1.3\xa0(nM) from 1 assay(s)')"
3KM4,"('BindingDB:\xa0 3KM4', 'IC50:&nbspmin: 1.3, max: 16\xa0(nM) from 2 assay(s)')"
3KM6,"('EAA', 'BindingDB:\xa0 3KM6', 'IC50:&nbspmin: 3400, max: 2.60e+4\xa0(nM) from 3 assay(s)')"
3KMC,"('403', 'BindingDB:\xa0 3KMC', 'Ki:&nbsp400\xa0(nM) from 1 assay(s)')"
3KMC,"('PDBBind:\xa0 3KMC', 'Ki:&nbsp400\xa0(nM) from 1 assay(s)')"
3KMC,"('Binding MOAD:\xa0 3KMC', 'Ki:&nbsp400\xa0(nM) from 1 assay(s)')"
3KME,"('Z59', 'PDBBind:\xa0 3KME', 'Ki:&nbsp725\xa0(nM) from 1 assay(s)')"
3KME,"('Binding MOAD:\xa0 3KME', 'Ki:&nbsp725\xa0(nM) from 1 assay(s)')"
3KMG,"('538', 'BindingDB:\xa0 3KMG', 'IC50:&nbspmin: 0.37, max: 8\xa0(nM) from 3 assay(s)')"
3KMG,"EC50:&nbspmin: 0.8, max: 53 (nM) from 4 assay(s)"
3KMM,"('LHL', 'BindingDB:\xa0 3KMM', 'Kd:&nbsp0.2\xa0(nM) from 1 assay(s)')"
3KMM,"('PDBBind:\xa0 3KMM', 'Kd:&nbsp0.2\xa0(nM) from 1 assay(s)')"
3KMM,"('PTR', 'BindingDB:\xa0 3KMM', 'Kd:&nbsp4.00e+5\xa0(nM) from 1 assay(s)')"
3KMO,"('EAA', 'BindingDB:\xa0 3KMO', 'IC50:&nbspmin: 3400, max: 2.60e+4\xa0(nM) from 3 assay(s)')"
3KMR,"('EQN', 'BindingDB:\xa0 3KMR', 'Kd:&nbspmin: 36, max: 1400\xa0(nM) from 3 assay(s)')"
3KMR,IC50:&nbsp41 (nM) from 1 assay(s)
3KMR,"EC50:&nbspmin: 0.3, max: 79.43 (nM) from 10 assay(s)"
3KMX,"('G00', 'BindingDB:\xa0 3KMX', 'Kd:&nbsp15\xa0(nM) from 1 assay(s)')"
3KMX,"IC50:&nbspmin: 200, max: 210 (nM) from 2 assay(s)"
3KMX,"('PDBBind:\xa0 3KMX', 'Kd:&nbsp1.50e+4\xa0(nM) from 1 assay(s)')"
3KMX,"('Binding MOAD:\xa0 3KMX', 'Kd:&nbsp1.50e+4\xa0(nM) from 1 assay(s)')"
3KMY,"('D8Y', 'Binding MOAD:\xa0 3KMY', 'Kd:&nbsp3.20e+4\xa0(nM) from 1 assay(s)')"
3KMY,"('PDBBind:\xa0 3KMY', 'Kd:&nbsp3.20e+4\xa0(nM) from 1 assay(s)')"
3KMY,"('BindingDB:\xa0 3KMY', 'Kd:&nbsp32\xa0(nM) from 1 assay(s)')"
3KMZ,"('EQO', 'BindingDB:\xa0 3KMZ', 'IC50:&nbsp114\xa0(nM) from 1 assay(s)')"
3KN0,"('3TO', 'Binding MOAD:\xa0 3KN0', 'Kd:&nbsp1.00e+5\xa0(nM) from 1 assay(s)')"
3KN0,"('BindingDB:\xa0 3KN0', 'IC50:&nbsp250\xa0(nM) from 1 assay(s)')"
3KN0,"('PDBBind:\xa0 3KN0', 'IC50:&nbsp2.50e+5\xa0(nM) from 1 assay(s)')"
3KOH,"('OIO', 'BindingDB:\xa0 3KOH', 'Kd:&nbsp2.10e+4\xa0(nM) from 1 assay(s)')"
3KOO,"('24D', 'BindingDB:\xa0 3KOO', 'IC50:&nbspmin: 15, max: 63\xa0(nM) from 3 assay(s)')"
3KOO,"('PDBBind:\xa0 3KOO', 'IC50:&nbsp15\xa0(nM) from 1 assay(s)')"
3KPJ,"('SAH', 'BindingDB:\xa0 3KPJ', 'Ki:&nbspmin: 1.40e+4, max: 6.23e+4\xa0(nM) from 3 assay(s)')"
3KPU,"('SAH', 'BindingDB:\xa0 3KPU', 'Ki:&nbspmin: 1.40e+4, max: 6.23e+4\xa0(nM) from 3 assay(s)')"
3KPU,"('ES1', 'PDBBind:\xa0 3KPU', 'Kd:&nbsp6.90e+5\xa0(nM) from 1 assay(s)')"
3KPU,"('Binding MOAD:\xa0 3KPU', 'Kd:&nbsp6.90e+5\xa0(nM) from 1 assay(s)')"
3KPV,"('SAH', 'BindingDB:\xa0 3KPV', 'Ki:&nbspmin: 1.40e+4, max: 6.23e+4\xa0(nM) from 3 assay(s)')"
3KPV,"('ADE', 'Binding MOAD:\xa0 3KPV', 'Kd:&nbsp1.80e+5\xa0(nM) from 1 assay(s)')"
3KPV,"('PDBBind:\xa0 3KPV', 'Kd:&nbsp1.80e+5\xa0(nM) from 1 assay(s)')"
3KPW,"('SAH', 'BindingDB:\xa0 3KPW', 'Ki:&nbspmin: 1.40e+4, max: 6.23e+4\xa0(nM) from 3 assay(s)')"
3KPW,"('1SQ', 'Binding MOAD:\xa0 3KPW', 'Kd:&nbsp1.40e+4\xa0(nM) from 1 assay(s)')"
3KPW,"('PDBBind:\xa0 3KPW', 'Kd:&nbsp1.40e+4\xa0(nM) from 1 assay(s)')"
3KPY,"('SAH', 'BindingDB:\xa0 3KPY', 'Ki:&nbspmin: 1.40e+4, max: 6.23e+4\xa0(nM) from 3 assay(s)')"
3KQB,"('LGJ', 'Binding MOAD:\xa0 3KQB', 'Ki:&nbsp0.5\xa0(nM) from 1 assay(s)')"
3KQB,"('PDBBind:\xa0 3KQB', 'Ki:&nbsp0.5\xa0(nM) from 1 assay(s)')"
3KQB,"('BindingDB:\xa0 3KQB', 'Ki:&nbsp0.5\xa0(nM) from 1 assay(s)')"
3KQC,"('LGK', 'BindingDB:\xa0 3KQC', 'Ki:&nbsp2.2\xa0(nM) from 1 assay(s)')"
3KQC,"('PDBBind:\xa0 3KQC', 'Ki:&nbsp2.2\xa0(nM) from 1 assay(s)')"
3KQC,"('Binding MOAD:\xa0 3KQC', 'Ki:&nbsp2.2\xa0(nM) from 1 assay(s)')"
3KQD,"('LGL', 'PDBBind:\xa0 3KQD', 'Ki:&nbsp0.4\xa0(nM) from 1 assay(s)')"
3KQD,"('BindingDB:\xa0 3KQD', 'Ki:&nbsp0.4\xa0(nM) from 1 assay(s)')"
3KQE,"('LGM', 'BindingDB:\xa0 3KQE', 'Ki:&nbsp8.1\xa0(nM) from 1 assay(s)')"
3KQE,"('Binding MOAD:\xa0 3KQE', 'Ki:&nbsp8.1\xa0(nM) from 1 assay(s)')"
3KQE,"('PDBBind:\xa0 3KQE', 'Ki:&nbsp8.1\xa0(nM) from 1 assay(s)')"
3KQM,"('SAH', 'BindingDB:\xa0 3KQM', 'Ki:&nbspmin: 1.40e+4, max: 6.23e+4\xa0(nM) from 3 assay(s)')"
3KQM,"('ES3', 'PDBBind:\xa0 3KQM', 'Kd:&nbsp1.70e+5\xa0(nM) from 1 assay(s)')"
3KQM,"('Binding MOAD:\xa0 3KQM', 'Kd:&nbsp1.70e+5\xa0(nM) from 1 assay(s)')"
3KQO,"('SAH', 'BindingDB:\xa0 3KQO', 'Ki:&nbspmin: 1.40e+4, max: 6.23e+4\xa0(nM) from 3 assay(s)')"
3KQO,"('ES4', 'PDBBind:\xa0 3KQO', 'Kd:&nbsp1.40e+5\xa0(nM) from 1 assay(s)')"
3KQO,"('Binding MOAD:\xa0 3KQO', 'Kd:&nbsp1.40e+5\xa0(nM) from 1 assay(s)')"
3KQP,"('SAH', 'BindingDB:\xa0 3KQP', 'Ki:&nbspmin: 1.40e+4, max: 6.23e+4\xa0(nM) from 3 assay(s)')"
3KQP,"('ES5', 'PDBBind:\xa0 3KQP', 'Kd:&nbsp3.80e+5\xa0(nM) from 1 assay(s)')"
3KQP,"('Binding MOAD:\xa0 3KQP', 'Kd:&nbsp3.80e+5\xa0(nM) from 1 assay(s)')"
3KQQ,"('SAH', 'BindingDB:\xa0 3KQQ', 'Ki:&nbspmin: 1.40e+4, max: 6.23e+4\xa0(nM) from 3 assay(s)')"
3KQR,"('OPE', 'PDBBind:\xa0 3KQR', 'Kd:&nbsp3.68e+4\xa0(nM) from 1 assay(s)')"
3KQS,"('SAH', 'BindingDB:\xa0 3KQS', 'Ki:&nbspmin: 1.40e+4, max: 6.23e+4\xa0(nM) from 3 assay(s)')"
3KQS,"('AX7', 'PDBBind:\xa0 3KQS', 'Kd:&nbsp6300\xa0(nM) from 1 assay(s)')"
3KQS,"('Binding MOAD:\xa0 3KQS', 'Kd:&nbsp6300\xa0(nM) from 1 assay(s)')"
3KQT,"('SAH', 'BindingDB:\xa0 3KQT', 'Ki:&nbspmin: 1.40e+4, max: 6.23e+4\xa0(nM) from 3 assay(s)')"
3KQT,"('ES7', 'Binding MOAD:\xa0 3KQT', 'Kd:&nbsp4600\xa0(nM) from 1 assay(s)')"
3KQT,"('PDBBind:\xa0 3KQT', 'Kd:&nbsp4600\xa0(nM) from 1 assay(s)')"
3KQV,"('SAH', 'BindingDB:\xa0 3KQV', 'Ki:&nbspmin: 1.40e+4, max: 6.23e+4\xa0(nM) from 3 assay(s)')"
3KQW,"('SAH', 'BindingDB:\xa0 3KQW', 'Ki:&nbspmin: 1.40e+4, max: 6.23e+4\xa0(nM) from 3 assay(s)')"
3KQW,"('ES9', 'PDBBind:\xa0 3KQW', 'Kd:&nbsp9.70e+4\xa0(nM) from 1 assay(s)')"
3KQW,"('Binding MOAD:\xa0 3KQW', 'Kd:&nbsp9.70e+4\xa0(nM) from 1 assay(s)')"
3KQY,"('SAH', 'BindingDB:\xa0 3KQY', 'Ki:&nbspmin: 1.40e+4, max: 6.23e+4\xa0(nM) from 3 assay(s)')"
3KQY,"('ES0', 'Binding MOAD:\xa0 3KQY', 'Kd:&nbsp1.50e+4\xa0(nM) from 1 assay(s)')"
3KQY,"('PDBBind:\xa0 3KQY', 'Kd:&nbsp1.50e+4\xa0(nM) from 1 assay(s)')"
3KR0,"('172', 'PDBBind:\xa0 3KR0', 'Kd:&nbsp2.00e+4\xa0(nM) from 1 assay(s)')"
3KR0,"('SAH', 'BindingDB:\xa0 3KR0', 'Ki:&nbspmin: 1.40e+4, max: 6.23e+4\xa0(nM) from 3 assay(s)')"
3KR1,"('SAH', 'BindingDB:\xa0 3KR1', 'Ki:&nbspmin: 1.40e+4, max: 6.23e+4\xa0(nM) from 3 assay(s)')"
3KR1,"('VGD', 'PDBBind:\xa0 3KR1', 'Kd:&nbsp1800\xa0(nM) from 1 assay(s)')"
3KR1,"('Binding MOAD:\xa0 3KR1', 'Kd:&nbsp1800\xa0(nM) from 1 assay(s)')"
3KR2,"('SAH', 'BindingDB:\xa0 3KR2', 'Ki:&nbspmin: 1.40e+4, max: 6.23e+4\xa0(nM) from 3 assay(s)')"
3KR2,"('ET2', 'PDBBind:\xa0 3KR2', 'Kd:&nbsp7200\xa0(nM) from 1 assay(s)')"
3KR2,"('Binding MOAD:\xa0 3KR2', 'Kd:&nbsp7200\xa0(nM) from 1 assay(s)')"
3KR8,"('XAV', 'PDBBind:\xa0 3KR8', 'Kd:&nbsp8\xa0(nM) from 1 assay(s)')"
3KR8,"('Binding MOAD:\xa0 3KR8', 'Kd:&nbsp8\xa0(nM) from 1 assay(s)')"
3KR8,"('BindingDB:\xa0 3KR8', 'Kd:&nbspmin: 4.2, max: 14\xa0(nM) from 3 assay(s)')"
3KR8,"IC50:&nbspmin: 2.1, max: 17 (nM) from 9 assay(s)"
3KRJ,"('KRJ', 'PDBBind:\xa0 3KRJ', 'IC50:&nbsp1.1\xa0(nM) from 1 assay(s)')"
3KRJ,"('Binding MOAD:\xa0 3KRJ', 'IC50:&nbsp1.1\xa0(nM) from 1 assay(s)')"
3KRL,"('KRL', 'Binding MOAD:\xa0 3KRL', 'IC50:&nbsp0.8\xa0(nM) from 1 assay(s)')"
3KRL,"('PDBBind:\xa0 3KRL', 'IC50:&nbsp0.8\xa0(nM) from 1 assay(s)')"
3KRR,"('DQX', 'BindingDB:\xa0 3KRR', 'Kd:&nbsp4.20e+4\xa0(nM) from 1 assay(s)')"
3KRR,IC50:&nbsp7.3 (nM) from 1 assay(s)
3KRR,"('PDBBind:\xa0 3KRR', 'IC50:&nbsp0.48\xa0(nM) from 1 assay(s)')"
3KRR,"('Binding MOAD:\xa0 3KRR', 'IC50:&nbsp0.48\xa0(nM) from 1 assay(s)')"
3KRW,"('BA1', 'PDBBind:\xa0 3KRW', 'IC50:&nbsp42\xa0(nM) from 1 assay(s)')"
3KRW,"('BindingDB:\xa0 3KRW', 'IC50:&nbsp42\xa0(nM) from 1 assay(s)')"
3KRX,"('BA1', 'PDBBind:\xa0 3KRX', 'IC50:&nbsp42\xa0(nM) from 1 assay(s)')"
3KRX,"('BindingDB:\xa0 3KRX', 'IC50:&nbsp42\xa0(nM) from 1 assay(s)')"
3KRY,"('3KR', 'PDBBind:\xa0 3KRY', 'IC50:&nbsp0.1\xa0(nM) from 1 assay(s)')"
3KRY,"('Binding MOAD:\xa0 3KRY', 'IC50:&nbsp0.1\xa0(nM) from 1 assay(s)')"
3KS9,"('Z99', 'BindingDB:\xa0 3KS9', 'Ki:&nbsp6800\xa0(nM) from 1 assay(s)')"
3KS9,"IC50:&nbspmin: 7800, max: 8990 (nM) from 2 assay(s)"
3KS9,EC50:&nbsp1.00e+5 (nM) from 1 assay(s)
3KV2,"('NNH', 'BindingDB:\xa0 3KV2', 'Kd:&nbspmin: 47, max: 517\xa0(nM) from 2 assay(s)')"
3KV2,"IC50:&nbspmin: 800, max: 6000 (nM) from 5 assay(s)"
3KV2,"('PDBBind:\xa0 3KV2', 'Kd:&nbsp47.51\xa0(nM) from 1 assay(s)')"
3KV2,"('Binding MOAD:\xa0 3KV2', 'Kd:&nbsp47.51\xa0(nM) from 1 assay(s)')"
3KV4,"('OGA', 'BindingDB:\xa0 3KV4', 'IC50:&nbsp6.40e+5\xa0(nM) from 1 assay(s)')"
3KVJ,"('1X5', 'Binding MOAD:\xa0 3KVJ', 'IC50:&nbsp100\xa0(nM) from 1 assay(s)')"
3KVJ,"('BindingDB:\xa0 3KVJ', 'IC50:&nbsp100\xa0(nM) from 1 assay(s)')"
3KVK,"('6X1', 'Binding MOAD:\xa0 3KVK', 'IC50:&nbsp700\xa0(nM) from 1 assay(s)')"
3KVK,"('BindingDB:\xa0 3KVK', 'IC50:&nbsp700\xa0(nM) from 1 assay(s)')"
3KVL,"('7Z5', 'Binding MOAD:\xa0 3KVL', 'IC50:&nbsp5500\xa0(nM) from 1 assay(s)')"
3KVL,"('BindingDB:\xa0 3KVL', 'IC50:&nbsp5500\xa0(nM) from 1 assay(s)')"
3KVM,"('951', 'Binding MOAD:\xa0 3KVM', 'IC50:&nbsp500\xa0(nM) from 1 assay(s)')"
3KVW,"('IRB', 'PDBBind:\xa0 3KVW', 'IC50:&nbsp130\xa0(nM) from 1 assay(s)')"
3KVX,"('FMY', 'PDBBind:\xa0 3KVX', 'IC50:&nbsp148\xa0(nM) from 1 assay(s)')"
3KVX,"('Binding MOAD:\xa0 3KVX', 'IC50:&nbsp148\xa0(nM) from 1 assay(s)')"
3KW9,"('ORG', 'PDBBind:\xa0 3KW9', 'IC50:&nbsp1\xa0(nM) from 1 assay(s)')"
3KW9,"('BindingDB:\xa0 3KW9', 'IC50:&nbsp1\xa0(nM) from 1 assay(s)')"
3KWA,"('SPM', 'PDBBind:\xa0 3KWA', 'Ki:&nbsp8.40e+4\xa0(nM) from 1 assay(s)')"
3KWA,"('BindingDB:\xa0 3KWA', 'Ki:&nbsp8.40e+4\xa0(nM) from 1 assay(s)')"
3KWB,"('ORH', 'BindingDB:\xa0 3KWB', 'IC50:&nbsp17\xa0(nM) from 1 assay(s)')"
3KWB,"('PDBBind:\xa0 3KWB', 'IC50:&nbsp17\xa0(nM) from 1 assay(s)')"
3KWF,"('B1Q', 'Binding MOAD:\xa0 3KWF', 'IC50:&nbsp6.8\xa0(nM) from 1 assay(s)')"
3KWF,"('BindingDB:\xa0 3KWF', 'IC50:&nbsp6.8\xa0(nM) from 1 assay(s)')"
3KWF,"('PDBBind:\xa0 3KWF', 'IC50:&nbsp6.8\xa0(nM) from 1 assay(s)')"
3KWJ,"('23Q', 'BindingDB:\xa0 3KWJ', 'IC50:&nbsp0.5\xa0(nM) from 1 assay(s)')"
3KWJ,"('PDBBind:\xa0 3KWJ', 'IC50:&nbsp0.5\xa0(nM) from 1 assay(s)')"
3KWZ,"('KWZ', 'PDBBind:\xa0 3KWZ', 'IC50:&nbsp4\xa0(nM) from 1 assay(s)')"
3KWZ,"('BindingDB:\xa0 3KWZ', 'IC50:&nbsp4\xa0(nM) from 1 assay(s)')"
3KX1,"('KX1', 'Binding MOAD:\xa0 3KX1', 'IC50:&nbsp100\xa0(nM) from 1 assay(s)')"
3KX1,"('BindingDB:\xa0 3KX1', 'IC50:&nbsp100\xa0(nM) from 1 assay(s)')"
3KX1,"('PDBBind:\xa0 3KX1', 'IC50:&nbsp100\xa0(nM) from 1 assay(s)')"
3KXO,"('KXO', 'BindingDB:\xa0 3KXO', 'Kd:&nbspmin: 9.5, max: 20\xa0(nM) from 2 assay(s)')"
3KXO,IC50:&nbsp200 (nM) from 1 assay(s)
3KXO,EC50:&nbsp35 (nM) from 1 assay(s)
3KXZ,"('925', 'PDBBind:\xa0 3KXZ', 'IC50:&nbsp35\xa0(nM) from 1 assay(s)')"
3KXZ,"('Binding MOAD:\xa0 3KXZ', 'IC50:&nbsp35\xa0(nM) from 1 assay(s)')"
3KXZ,"('PTR', 'BindingDB:\xa0 3KXZ', 'Kd:&nbsp4.00e+5\xa0(nM) from 1 assay(s)')"
3KYR,"('038', 'BindingDB:\xa0 3KYR', 'IC50:&nbsp190\xa0(nM) from 1 assay(s)')"
3KYT,"('HC2', 'BindingDB:\xa0 3KYT', 'EC50:&nbsp20\xa0(nM) from 1 assay(s)')"
3KZZ,"('OBG', 'BindingDB:\xa0 3KZZ', 'IC50:&nbspmin: 39, max: 2600\xa0(nM) from 7 assay(s)')"
3L03,"('4OH', 'BindingDB:\xa0 3L03', 'Ki:&nbsp4.9\xa0(nM) from 1 assay(s)')"
3L08,"('ZIG', 'PDBBind:\xa0 3L08', 'Ki:&nbsp0.06\xa0(nM) from 1 assay(s)')"
3L08,"('BindingDB:\xa0 3L08', 'IC50:&nbspmin: 0.44, max: 1.2\xa0(nM) from 4 assay(s)')"
3L0E,"('G58', 'PDBBind:\xa0 3L0E', 'IC50:&nbsp10\xa0(nM) from 1 assay(s)')"
3L0E,"('BindingDB:\xa0 3L0E', 'IC50:&nbsp10\xa0(nM) from 1 assay(s)')"
3L0E,EC50:&nbsp79 (nM) from 1 assay(s)
3L0E,"('Binding MOAD:\xa0 3L0E', 'IC50:&nbsp10\xa0(nM) from 1 assay(s)')"
3L0J,"('HC9', 'BindingDB:\xa0 3L0J', 'EC50:&nbsp20\xa0(nM) from 1 assay(s)')"
3L0K,"('6AU', 'Binding MOAD:\xa0 3L0K', 'IC50:&nbsp2.40e+4\xa0(nM) from 1 assay(s)')"
3L0K,"('PDBBind:\xa0 3L0K', 'IC50:&nbsp2.40e+4\xa0(nM) from 1 assay(s)')"
3L0L,"('HC3', 'BindingDB:\xa0 3L0L', 'EC50:&nbsp20\xa0(nM) from 1 assay(s)')"
3L0N,"('S5P', 'PDBBind:\xa0 3L0N', 'IC50:&nbsp1.68e+6\xa0(nM) from 1 assay(s)')"
3L0N,"('Binding MOAD:\xa0 3L0N', 'IC50:&nbsp1.68e+6\xa0(nM) from 1 assay(s)')"
3L0V,"('724', 'PDBBind:\xa0 3L0V', 'Ki:&nbsp23\xa0(nM) from 1 assay(s)')"
3L0V,"('Binding MOAD:\xa0 3L0V', 'Ki:&nbsp23\xa0(nM) from 1 assay(s)')"
3L0V,"('BindingDB:\xa0 3L0V', 'Ki:&nbsp23\xa0(nM) from 1 assay(s)')"
3L13,"('JZW', 'BindingDB:\xa0 3L13', 'IC50:&nbsp15\xa0(nM) from 1 assay(s)')"
3L13,"('PDBBind:\xa0 3L13', 'IC50:&nbsp15\xa0(nM) from 1 assay(s)')"
3L14,"('I7B', 'BindingDB:\xa0 3L14', 'Ki:&nbspmin: 75, max: 7.50e+4\xa0(nM) from 2 assay(s)')"
3L14,IC50:&nbsp90 (nM) from 1 assay(s)
3L16,"('JZX', 'PDBBind:\xa0 3L16', 'IC50:&nbsp33\xa0(nM) from 1 assay(s)')"
3L16,"('BindingDB:\xa0 3L16', 'IC50:&nbsp33\xa0(nM) from 1 assay(s)')"
3L17,"('JZY', 'BindingDB:\xa0 3L17', 'IC50:&nbsp5.2\xa0(nM) from 1 assay(s)')"
3L17,"('PDBBind:\xa0 3L17', 'IC50:&nbsp5.2\xa0(nM) from 1 assay(s)')"
3L1B,"('635', 'BindingDB:\xa0 3L1B', 'EC50:&nbspmin: 52, max: 88\xa0(nM) from 2 assay(s)')"
3L1S,"('Z92', 'PDBBind:\xa0 3L1S', 'Ki:&nbsp2\xa0(nM) from 1 assay(s)')"
3L2Y,"('OPE', 'PDBBind:\xa0 3L2Y', 'Kd:&nbsp3.21e+4\xa0(nM) from 1 assay(s)')"
3L38,"('879', 'Binding MOAD:\xa0 3L38', 'IC50:&nbsp100\xa0(nM) from 1 assay(s)')"
3L38,"('PDBBind:\xa0 3L38', 'IC50:&nbsp100\xa0(nM) from 1 assay(s)')"
3L38,"('BindingDB:\xa0 3L38', 'IC50:&nbsp100\xa0(nM) from 1 assay(s)')"
3L3A,"('625', 'Binding MOAD:\xa0 3L3A', 'IC50:&nbsp420\xa0(nM) from 1 assay(s)')"
3L3A,"('BindingDB:\xa0 3L3A', 'IC50:&nbsp420\xa0(nM) from 1 assay(s)')"
3L3A,"('PDBBind:\xa0 3L3A', 'IC50:&nbsp420\xa0(nM) from 1 assay(s)')"
3L3L,"('L3L', 'BindingDB:\xa0 3L3L', 'Ki:&nbsp33\xa0(nM) from 1 assay(s)')"
3L3L,EC50:&nbsp51 (nM) from 1 assay(s)
3L3L,"('PDBBind:\xa0 3L3L', 'Ki:&nbsp33\xa0(nM) from 1 assay(s)')"
3L3L,"('Binding MOAD:\xa0 3L3L', 'Ki:&nbsp33\xa0(nM) from 1 assay(s)')"
3L3M,"('A92', 'PDBBind:\xa0 3L3M', 'Ki:&nbsp6\xa0(nM) from 1 assay(s)')"
3L3M,"('Binding MOAD:\xa0 3L3M', 'Ki:&nbsp6\xa0(nM) from 1 assay(s)')"
3L3N,"('LSW', 'PDBBind:\xa0 3L3N', 'Ki:&nbsp6.6\xa0(nM) from 1 assay(s)')"
3L3N,"('BindingDB:\xa0 3L3N', 'Ki:&nbsp7000\xa0(nM) from 1 assay(s)')"
3L3R,"('OAG', 'BindingDB:\xa0 3L3R', 'Ki:&nbsp24\xa0(nM) from 1 assay(s)')"
3L3R,IC50:&nbsp6900 (nM) from 1 assay(s)
3L3X,"('DHT', 'BindingDB:\xa0 3L3X', 'Ki:&nbspmin: 0.2, max: 10\xa0(nM) from 12 assay(s)')"
3L3X,"IC50:&nbspmin: 0.05, max: 18.5 (nM) from 14 assay(s)"
3L3X,"EC50:&nbspmin: 0.05, max: 20 (nM) from 14 assay(s)"
3L3Z,"('DHT', 'BindingDB:\xa0 3L3Z', 'Ki:&nbspmin: 0.2, max: 10\xa0(nM) from 12 assay(s)')"
3L3Z,"IC50:&nbspmin: 0.05, max: 18.5 (nM) from 14 assay(s)"
3L3Z,"EC50:&nbspmin: 0.05, max: 20 (nM) from 14 assay(s)"
3L4T,"('BJ1', 'PDBBind:\xa0 3L4T', 'Ki:&nbsp3800\xa0(nM) from 1 assay(s)')"
3L4T,"('Binding MOAD:\xa0 3L4T', 'Ki:&nbsp3800\xa0(nM) from 1 assay(s)')"
3L4U,"('DSK', 'Binding MOAD:\xa0 3L4U', 'Ki:&nbsp30\xa0(nM) from 1 assay(s)')"
3L4U,"('PDBBind:\xa0 3L4U', 'Ki:&nbsp30\xa0(nM) from 1 assay(s)')"
3L4V,"('KTL', 'PDBBind:\xa0 3L4V', 'Ki:&nbsp190\xa0(nM) from 1 assay(s)')"
3L4V,"('Binding MOAD:\xa0 3L4V', 'Ki:&nbsp190\xa0(nM) from 1 assay(s)')"
3L4W,"('MIG', 'Binding MOAD:\xa0 3L4W', 'Ki:&nbsp1000\xa0(nM) from 1 assay(s)')"
3L4W,"('BindingDB:\xa0 3L4W', 'Ki:&nbsp1000\xa0(nM) from 1 assay(s)')"
3L4W,"IC50:&nbspmin: 3700, max: 6000 (nM) from 2 assay(s)"
3L4W,"('PDBBind:\xa0 3L4W', 'Ki:&nbsp1000\xa0(nM) from 1 assay(s)')"
3L4X,"('NR3', 'Binding MOAD:\xa0 3L4X', 'Ki:&nbsp130\xa0(nM) from 1 assay(s)')"
3L4X,"('PDBBind:\xa0 3L4X', 'Ki:&nbsp130\xa0(nM) from 1 assay(s)')"
3L4Y,"('NR4', 'PDBBind:\xa0 3L4Y', 'Ki:&nbsp100\xa0(nM) from 1 assay(s)')"
3L4Y,"('Binding MOAD:\xa0 3L4Y', 'Ki:&nbsp100\xa0(nM) from 1 assay(s)')"
3L4Z,"('SSD', 'PDBBind:\xa0 3L4Z', 'Ki:&nbsp190\xa0(nM) from 1 assay(s)')"
3L4Z,"('Binding MOAD:\xa0 3L4Z', 'Ki:&nbsp190\xa0(nM) from 1 assay(s)')"
3L54,"('LXX', 'PDBBind:\xa0 3L54', 'IC50:&nbsp7\xa0(nM) from 1 assay(s)')"
3L58,"('CS5', 'Binding MOAD:\xa0 3L58', 'IC50:&nbsp8\xa0(nM) from 1 assay(s)')"
3L58,"('BindingDB:\xa0 3L58', 'IC50:&nbspmin: 15, max: 80\xa0(nM) from 4 assay(s)')"
3L58,"('PDBBind:\xa0 3L58', 'IC50:&nbsp8\xa0(nM) from 1 assay(s)')"
3L59,"('BDJ', 'Binding MOAD:\xa0 3L59', 'Kd:&nbsp2.00e+5\xa0(nM) from 1 assay(s)')"
3L59,"('PDBBind:\xa0 3L59', 'Kd:&nbsp2.00e+5\xa0(nM) from 1 assay(s)')"
3L5B,"('BDO', 'Binding MOAD:\xa0 3L5B', 'Kd:&nbsp1.23e+5\xa0(nM) from 1 assay(s)')"
3L5B,"('PDBBind:\xa0 3L5B', 'Kd:&nbsp1.23e+5\xa0(nM) from 1 assay(s)')"
3L5C,"('BDQ', 'PDBBind:\xa0 3L5C', 'IC50:&nbsp7000\xa0(nM) from 1 assay(s)')"
3L5C,"('Binding MOAD:\xa0 3L5C', 'IC50:&nbsp7000\xa0(nM) from 1 assay(s)')"
3L5D,"('BDV', 'PDBBind:\xa0 3L5D', 'IC50:&nbsp7.80e+4\xa0(nM) from 1 assay(s)')"
3L5D,"('Binding MOAD:\xa0 3L5D', 'IC50:&nbsp7.80e+4\xa0(nM) from 1 assay(s)')"
3L5E,"('BDW', 'BindingDB:\xa0 3L5E', 'Ki:&nbsp27\xa0(nM) from 1 assay(s)')"
3L5E,"('Binding MOAD:\xa0 3L5E', 'IC50:&nbsp27\xa0(nM) from 1 assay(s)')"
3L5E,"('PDBBind:\xa0 3L5E', 'IC50:&nbsp27\xa0(nM) from 1 assay(s)')"
3L5F,"('BDX', 'PDBBind:\xa0 3L5F', 'IC50:&nbsp605\xa0(nM) from 1 assay(s)')"
3L5F,"('Binding MOAD:\xa0 3L5F', 'IC50:&nbsp605\xa0(nM) from 1 assay(s)')"
3L5R,"('47X', 'BindingDB:\xa0 3L5R', 'Ki:&nbspmin: 38, max: 1.50e+4\xa0(nM) from 2 assay(s)')"
3L5R,IC50:&nbsp38 (nM) from 1 assay(s)
3L5R,"('PDBBind:\xa0 3L5R', 'IC50:&nbsp38\xa0(nM) from 1 assay(s)')"
3L5R,"('Binding MOAD:\xa0 3L5R', 'IC50:&nbsp38\xa0(nM) from 1 assay(s)')"
3L8S,"('BFF', 'PDBBind:\xa0 3L8S', 'Kd:&nbsp99\xa0(nM) from 1 assay(s)')"
3L8S,"('Binding MOAD:\xa0 3L8S', 'Kd:&nbsp99\xa0(nM) from 1 assay(s)')"
3L8V,"('L8V', 'PDBBind:\xa0 3L8V', 'IC50:&nbsp8\xa0(nM) from 1 assay(s)')"
3L8V,"('BindingDB:\xa0 3L8V', 'IC50:&nbsp8\xa0(nM) from 1 assay(s)')"
3L8V,"('Binding MOAD:\xa0 3L8V', 'IC50:&nbsp8\xa0(nM) from 1 assay(s)')"
3L8X,"('N4D', 'PDBBind:\xa0 3L8X', 'Kd:&nbsp10\xa0(nM) from 1 assay(s)')"
3L8X,"('BindingDB:\xa0 3L8X', 'IC50:&nbsp10\xa0(nM) from 1 assay(s)')"
3L8X,"('Binding MOAD:\xa0 3L8X', 'IC50:&nbsp10\xa0(nM) from 1 assay(s)')"
3L9H,"('EMQ', 'Binding MOAD:\xa0 3L9H', 'IC50:&nbsp8\xa0(nM) from 1 assay(s)')"
3L9H,"('BindingDB:\xa0 3L9H', 'IC50:&nbsp8\xa0(nM) from 1 assay(s)')"
3L9H,"('PDBBind:\xa0 3L9H', 'IC50:&nbsp8\xa0(nM) from 1 assay(s)')"
3L9L,"('L9L', 'Binding MOAD:\xa0 3L9L', 'IC50:&nbsp167\xa0(nM) from 1 assay(s)')"
3L9L,"('PDBBind:\xa0 3L9L', 'IC50:&nbsp167\xa0(nM) from 1 assay(s)')"
3L9M,"('L9M', 'PDBBind:\xa0 3L9M', 'IC50:&nbsp50\xa0(nM) from 1 assay(s)')"
3L9N,"('L9N', 'PDBBind:\xa0 3L9N', 'IC50:&nbsp8.6\xa0(nM) from 1 assay(s)')"
3LAU,"('OFI', 'Binding MOAD:\xa0 3LAU', 'IC50:&nbsp44\xa0(nM) from 1 assay(s)')"
3LAU,"('PDBBind:\xa0 3LAU', 'IC50:&nbsp3.00e+4\xa0(nM) from 1 assay(s)')"
3LBD,"('9CR', 'BindingDB:\xa0 3LBD', 'Ki:&nbspmin: 0.5, max: 20\xa0(nM) from 5 assay(s)')"
3LBD,"Kd:&nbspmin: 0.8, max: 150 (nM) from 8 assay(s)"
3LBD,"IC50:&nbspmin: 7, max: 17 (nM) from 2 assay(s)"
3LBD,"EC50:&nbspmin: 3, max: 74 (nM) from 12 assay(s)"
3LBJ,"('WW8', 'PDBBind:\xa0 3LBJ', 'Ki:&nbsp1.10e+4\xa0(nM) from 1 assay(s)')"
3LBK,"('K23', 'PDBBind:\xa0 3LBK', 'Ki:&nbsp916\xa0(nM) from 1 assay(s)')"
3LBK,"('BindingDB:\xa0 3LBK', 'Ki:&nbspmin: 916, max: 920\xa0(nM) from 2 assay(s)')"
3LBL,"('MI6', 'PDBBind:\xa0 3LBL', 'Ki:&nbsp36\xa0(nM) from 1 assay(s)')"
3LBL,"('BindingDB:\xa0 3LBL', 'Ki:&nbsp3\xa0(nM) from 1 assay(s)')"
3LBL,"('Binding MOAD:\xa0 3LBL', 'Ki:&nbsp36\xa0(nM) from 1 assay(s)')"
3LBO,"('LDT', 'Binding MOAD:\xa0 3LBO', 'Kd:&nbsp21.9\xa0(nM) from 1 assay(s)')"
3LBO,"('BindingDB:\xa0 3LBO', 'IC50:&nbspmin: 3, max: 30\xa0(nM) from 2 assay(s)')"
3LBZ,"('Z89', 'PDBBind:\xa0 3LBZ', 'Kd:&nbsp1.38e+5\xa0(nM) from 1 assay(s)')"
3LBZ,"('Binding MOAD:\xa0 3LBZ', 'Kd:&nbsp1.38e+5\xa0(nM) from 1 assay(s)')"
3LC3,"('IYX', 'Binding MOAD:\xa0 3LC3', 'Ki:&nbsp5900\xa0(nM) from 1 assay(s)')"
3LC3,"('PDBBind:\xa0 3LC3', 'Ki:&nbsp5900\xa0(nM) from 1 assay(s)')"
3LC4,"('LC4', 'BindingDB:\xa0 3LC4', 'Kd:&nbsp1800\xa0(nM) from 1 assay(s)')"
3LC5,"('IZX', 'PDBBind:\xa0 3LC5', 'Ki:&nbsp270\xa0(nM) from 1 assay(s)')"
3LCD,"('BDY', 'Binding MOAD:\xa0 3LCD', 'IC50:&nbsp40\xa0(nM) from 1 assay(s)')"
3LCD,"('PDBBind:\xa0 3LCD', 'IC50:&nbsp40\xa0(nM) from 1 assay(s)')"
3LCK,"('PTR', 'BindingDB:\xa0 3LCK', 'Kd:&nbsp4.00e+5\xa0(nM) from 1 assay(s)')"
3LCO,"('LC0', 'PDBBind:\xa0 3LCO', 'IC50:&nbsp143\xa0(nM) from 1 assay(s)')"
3LD5,"('LDT', 'Binding MOAD:\xa0 3LD5', 'Kd:&nbsp1190\xa0(nM) from 1 assay(s)')"
3LD5,"('BindingDB:\xa0 3LD5', 'IC50:&nbspmin: 3, max: 30\xa0(nM) from 2 assay(s)')"
3LDP,"('3P1', 'Binding MOAD:\xa0 3LDP', 'Kd:&nbsp2410\xa0(nM) from 1 assay(s)')"
3LDP,"('PDBBind:\xa0 3LDP', 'Kd:&nbsp2410\xa0(nM) from 1 assay(s)')"
3LDP,"('BindingDB:\xa0 3LDP', 'Kd:&nbsp2410\xa0(nM) from 1 assay(s)')"
3LDQ,"('3P1', 'BindingDB:\xa0 3LDQ', 'Ki:&nbsp4320\xa0(nM) from 1 assay(s)')"
3LDQ,"('PDBBind:\xa0 3LDQ', 'Ki:&nbsp4320\xa0(nM) from 1 assay(s)')"
3LDQ,"('Binding MOAD:\xa0 3LDQ', 'Kd:&nbsp2410\xa0(nM) from 1 assay(s)')"
3LE6,"('2BZ', 'PDBBind:\xa0 3LE6', 'IC50:&nbsp35\xa0(nM) from 1 assay(s)')"
3LE6,"('Binding MOAD:\xa0 3LE6', 'IC50:&nbsp35\xa0(nM) from 1 assay(s)')"
3LE9,"('727', 'Binding MOAD:\xa0 3LE9', 'Ki:&nbsp6\xa0(nM) from 1 assay(s)')"
3LE9,"('BindingDB:\xa0 3LE9', 'Ki:&nbsp6\xa0(nM) from 1 assay(s)')"
3LE9,"('PDBBind:\xa0 3LE9', 'Ki:&nbsp6\xa0(nM) from 1 assay(s)')"
3LEA,"('Z93', 'Binding MOAD:\xa0 3LEA', 'Ki:&nbsp0.8\xa0(nM) from 1 assay(s)')"
3LEA,"('PDBBind:\xa0 3LEA', 'Ki:&nbsp0.8\xa0(nM) from 1 assay(s)')"
3LEN,"('ZST', 'BindingDB:\xa0 3LEN', 'Ki:&nbsp19\xa0(nM) from 1 assay(s)')"
3LEN,"IC50:&nbspmin: 1.9, max: 81 (nM) from 17 assay(s)"
3LEN,"('Binding MOAD:\xa0 3LEN', 'Kd:&nbsp2560\xa0(nM) from 1 assay(s)')"
3LEP,"('388', 'Binding MOAD:\xa0 3LEP', 'Kd:&nbsp110\xa0(nM) from 1 assay(s)')"
3LEP,"('BindingDB:\xa0 3LEP', 'IC50:&nbspmin: 30, max: 400\xa0(nM) from 2 assay(s)')"
3LFA,"('1N1', 'BindingDB:\xa0 3LFA', 'Kd:&nbspmin: 27, max: 495\xa0(nM) from 3 assay(s)')"
3LFA,EC50:&nbsp470 (nM) from 1 assay(s)
3LFB,"('Z87', 'BindingDB:\xa0 3LFB', 'Kd:&nbsp990\xa0(nM) from 1 assay(s)')"
3LFC,"('Z86', 'BindingDB:\xa0 3LFC', 'Kd:&nbsp287\xa0(nM) from 1 assay(s)')"
3LFD,"('Z85', 'BindingDB:\xa0 3LFD', 'Kd:&nbsp382\xa0(nM) from 1 assay(s)')"
3LFE,"('Z84', 'BindingDB:\xa0 3LFE', 'Kd:&nbsp586\xa0(nM) from 1 assay(s)')"
3LFF,"('Z83', 'BindingDB:\xa0 3LFF', 'Kd:&nbsp196\xa0(nM) from 1 assay(s)')"
3LFF,IC50:&nbsp135 (nM) from 1 assay(s)
3LFM,"('OGA', 'BindingDB:\xa0 3LFM', 'IC50:&nbsp4.40e+4\xa0(nM) from 1 assay(s)')"
3LFN,"('A27', 'Binding MOAD:\xa0 3LFN', 'IC50:&nbsp3160\xa0(nM) from 1 assay(s)')"
3LFN,"('PDBBind:\xa0 3LFN', 'IC50:&nbsp3160\xa0(nM) from 1 assay(s)')"
3LFS,"('A07', 'Binding MOAD:\xa0 3LFS', 'Ki:&nbsp2500\xa0(nM) from 1 assay(s)')"
3LFS,"('PDBBind:\xa0 3LFS', 'IC50:&nbsp2500\xa0(nM) from 1 assay(s)')"
3LFS,"('BindingDB:\xa0 3LFS', 'IC50:&nbsp2500\xa0(nM) from 1 assay(s)')"
3LGP,"('50X', 'PDBBind:\xa0 3LGP', 'Ki:&nbsp2\xa0(nM) from 1 assay(s)')"
3LGP,"('BindingDB:\xa0 3LGP', 'Ki:&nbsp2\xa0(nM) from 1 assay(s)')"
3LGP,"('Binding MOAD:\xa0 3LGP', 'Ki:&nbsp2\xa0(nM) from 1 assay(s)')"
3LHG,"('Z81', 'BindingDB:\xa0 3LHG', 'IC50:&nbspmin: 20, max: 50\xa0(nM) from 2 assay(s)')"
3LHG,"('Binding MOAD:\xa0 3LHG', 'IC50:&nbsp20\xa0(nM) from 1 assay(s)')"
3LHG,"('PDBBind:\xa0 3LHG', 'IC50:&nbsp20\xa0(nM) from 1 assay(s)')"
3LHJ,"('LHJ', 'BindingDB:\xa0 3LHJ', 'Ki:&nbsp2.3\xa0(nM) from 1 assay(s)')"
3LHJ,"Kd:&nbspmin: 0.3, max: 0.31 (nM) from 2 assay(s)"
3LHJ,"('PDBBind:\xa0 3LHJ', 'Kd:&nbsp0.31\xa0(nM) from 1 assay(s)')"
3LIK,"('EEG', 'Binding MOAD:\xa0 3LIK', 'Ki:&nbsp1.92\xa0(nM) from 1 assay(s)')"
3LIK,"('BindingDB:\xa0 3LIK', 'Ki:&nbspmin: 1.92, max: 144\xa0(nM) from 2 assay(s)')"
3LIK,"('PDBBind:\xa0 3LIK', 'Ki:&nbsp1.92\xa0(nM) from 1 assay(s)')"
3LIL,"('EEA', 'PDBBind:\xa0 3LIL', 'Ki:&nbsp8.3\xa0(nM) from 1 assay(s)')"
3LIL,"('BindingDB:\xa0 3LIL', 'Ki:&nbsp8.3\xa0(nM) from 1 assay(s)')"
3LIL,"('Binding MOAD:\xa0 3LIL', 'Ki:&nbsp8.3\xa0(nM) from 1 assay(s)')"
3LIR,"('EEC', 'BindingDB:\xa0 3LIR', 'Ki:&nbsp119\xa0(nM) from 1 assay(s)')"
3LIR,"('PDBBind:\xa0 3LIR', 'Ki:&nbsp119\xa0(nM) from 1 assay(s)')"
3LIR,"('Binding MOAD:\xa0 3LIR', 'Ki:&nbsp119\xa0(nM) from 1 assay(s)')"
3LIW,"('RUP', 'Binding MOAD:\xa0 3LIW', 'Ki:&nbsp25\xa0(nM) from 1 assay(s)')"
3LIW,"('PDBBind:\xa0 3LIW', 'Ki:&nbsp25\xa0(nM) from 1 assay(s)')"
3LJ3,"('WYE', 'PDBBind:\xa0 3LJ3', 'IC50:&nbsp0.94\xa0(nM) from 1 assay(s)')"
3LJ3,"('Binding MOAD:\xa0 3LJ3', 'IC50:&nbsp43\xa0(nM) from 1 assay(s)')"
3LJG,"('EEF', 'PDBBind:\xa0 3LJG', 'Ki:&nbsp18.6\xa0(nM) from 1 assay(s)')"
3LJG,"('Binding MOAD:\xa0 3LJG', 'Ki:&nbsp18.6\xa0(nM) from 1 assay(s)')"
3LJT,"('LA3', 'Binding MOAD:\xa0 3LJT', 'IC50:&nbsp129\xa0(nM) from 1 assay(s)')"
3LJT,"('PDBBind:\xa0 3LJT', 'IC50:&nbsp129\xa0(nM) from 1 assay(s)')"
3LJZ,"('LA3', 'PDBBind:\xa0 3LJZ', 'Ki:&nbsp7.3\xa0(nM) from 1 assay(s)')"
3LJZ,"('Binding MOAD:\xa0 3LJZ', 'Ki:&nbsp7.3\xa0(nM) from 1 assay(s)')"
3LK8,"('Z79', 'BindingDB:\xa0 3LK8', 'Ki:&nbsp20\xa0(nM) from 1 assay(s)')"
3LK8,"('PDBBind:\xa0 3LK8', 'Kd:&nbsp19.7\xa0(nM) from 1 assay(s)')"
3LK8,"('Binding MOAD:\xa0 3LK8', 'Kd:&nbsp19.7\xa0(nM) from 1 assay(s)')"
3LKA,"('M4S', 'PDBBind:\xa0 3LKA', 'Kd:&nbsp1.50e+6\xa0(nM) from 1 assay(s)')"
3LKA,"('Binding MOAD:\xa0 3LKA', 'Kd:&nbsp1.50e+6\xa0(nM) from 1 assay(s)')"
3LKJ,"('LKJ', 'Binding MOAD:\xa0 3LKJ', 'IC50:&nbsp2.50e+4\xa0(nM) from 1 assay(s)')"
3LKJ,"('PDBBind:\xa0 3LKJ', 'IC50:&nbsp2.50e+4\xa0(nM) from 1 assay(s)')"
3LLM,"('ADP', 'PDBBind:\xa0 3LLM', 'Kd:&nbsp1.80e+4\xa0(nM) from 1 assay(s)')"
3LMK,"('GLU', 'PDBBind:\xa0 3LMK', 'Ki:&nbsp1160\xa0(nM) from 1 assay(s)')"
3LMP,"('CEK', 'Binding MOAD:\xa0 3LMP', 'Ki:&nbsp14\xa0(nM) from 1 assay(s)')"
3LMP,"('PDBBind:\xa0 3LMP', 'IC50:&nbsp620\xa0(nM) from 1 assay(s)')"
3LMY,"('CP6', 'BindingDB:\xa0 3LMY', 'IC50:&nbspmin: 4500, max: 1.50e+4\xa0(nM) from 3 assay(s)')"
3LNK,"('74A', 'BindingDB:\xa0 3LNK', 'IC50:&nbsp1150\xa0(nM) from 1 assay(s)')"
3LNK,"('PDBBind:\xa0 3LNK', 'IC50:&nbsp1150\xa0(nM) from 1 assay(s)')"
3LNK,"('Binding MOAD:\xa0 3LNK', 'IC50:&nbsp1150\xa0(nM) from 1 assay(s)')"
3LP4,"('LYS', 'Binding MOAD:\xa0 3LP4', 'Kd:&nbsp1.31e+4\xa0(nM) from 1 assay(s)')"
3LP4,"('PDBBind:\xa0 3LP4', 'Kd:&nbsp1.31e+4\xa0(nM) from 1 assay(s)')"
3LP7,"('HAR', 'PDBBind:\xa0 3LP7', 'Kd:&nbsp3600\xa0(nM) from 1 assay(s)')"
3LP7,"('Binding MOAD:\xa0 3LP7', 'Kd:&nbsp3600\xa0(nM) from 1 assay(s)')"
3LPB,"('NVB', 'BindingDB:\xa0 3LPB', 'IC50:&nbsp42\xa0(nM) from 1 assay(s)')"
3LPB,"('PDBBind:\xa0 3LPB', 'IC50:&nbsp42\xa0(nM) from 1 assay(s)')"
3LPB,"('Binding MOAD:\xa0 3LPB', 'IC50:&nbsp42\xa0(nM) from 1 assay(s)')"
3LPI,"('Z74', 'BindingDB:\xa0 3LPI', 'Ki:&nbsp3\xa0(nM) from 1 assay(s)')"
3LPI,IC50:&nbsp120 (nM) from 1 assay(s)
3LPI,"('PDBBind:\xa0 3LPI', 'Ki:&nbsp3\xa0(nM) from 1 assay(s)')"
3LPI,"('Binding MOAD:\xa0 3LPI', 'Ki:&nbsp3\xa0(nM) from 1 assay(s)')"
3LPJ,"('Z75', 'BindingDB:\xa0 3LPJ', 'IC50:&nbsp120\xa0(nM) from 1 assay(s)')"
3LPJ,"('PDBBind:\xa0 3LPJ', 'IC50:&nbsp120\xa0(nM) from 1 assay(s)')"
3LPJ,"('Binding MOAD:\xa0 3LPJ', 'IC50:&nbsp120\xa0(nM) from 1 assay(s)')"
3LPK,"('Z76', 'PDBBind:\xa0 3LPK', 'Ki:&nbsp0.8\xa0(nM) from 1 assay(s)')"
3LPK,"('Binding MOAD:\xa0 3LPK', 'Ki:&nbsp0.8\xa0(nM) from 1 assay(s)')"
3LPK,"('BindingDB:\xa0 3LPK', 'Ki:&nbsp0.8\xa0(nM) from 1 assay(s)')"
3LPK,IC50:&nbsp7 (nM) from 1 assay(s)
3LPP,"('KTL', 'PDBBind:\xa0 3LPP', 'Ki:&nbsp600\xa0(nM) from 1 assay(s)')"
3LPP,"('Binding MOAD:\xa0 3LPP', 'Ki:&nbsp600\xa0(nM) from 1 assay(s)')"
3LQ5,"('SLQ', 'PDBBind:\xa0 3LQ5', 'IC50:&nbsp110\xa0(nM) from 1 assay(s)')"
3LQ8,"('88Z', 'BindingDB:\xa0 3LQ8', 'IC50:&nbspmin: 0.4, max: 214\xa0(nM) from 22 assay(s)')"
3LQ8,"('PDBBind:\xa0 3LQ8', 'IC50:&nbsp0.4\xa0(nM) from 1 assay(s)')"
3LQ8,"('Binding MOAD:\xa0 3LQ8', 'IC50:&nbsp0.4\xa0(nM) from 1 assay(s)')"
3LQG,"('388', 'Binding MOAD:\xa0 3LQG', 'Kd:&nbsp301\xa0(nM) from 1 assay(s)')"
3LQG,"('BindingDB:\xa0 3LQG', 'IC50:&nbspmin: 30, max: 400\xa0(nM) from 2 assay(s)')"
3LQL,"('LDT', 'Binding MOAD:\xa0 3LQL', 'Kd:&nbsp1640\xa0(nM) from 1 assay(s)')"
3LQL,"('BindingDB:\xa0 3LQL', 'IC50:&nbspmin: 3, max: 30\xa0(nM) from 2 assay(s)')"
3LUD,"('AMP', 'Binding MOAD:\xa0 3LUD', 'Kd:&nbsp2.60e+5\xa0(nM) from 1 assay(s)')"
3LUG,"('C5P', 'Binding MOAD:\xa0 3LUG', 'Kd:&nbsp3.60e+6\xa0(nM) from 1 assay(s)')"
3LUH,"('5GP', 'Binding MOAD:\xa0 3LUH', 'Kd:&nbsp3.30e+6\xa0(nM) from 1 assay(s)')"
3LUJ,"('U5P', 'Binding MOAD:\xa0 3LUJ', 'Kd:&nbsp1.20e+5\xa0(nM) from 1 assay(s)')"
3LVP,"('PDR', 'PDBBind:\xa0 3LVP', 'IC50:&nbsp2\xa0(nM) from 1 assay(s)')"
3LW0,"('CCX', 'PDBBind:\xa0 3LW0', 'IC50:&nbsp400\xa0(nM) from 1 assay(s)')"
3LXE,"('TOR', 'BindingDB:\xa0 3LXE', 'Ki:&nbspmin: 15, max: 250\xa0(nM) from 2 assay(s)')"
3LXE,IC50:&nbsp250 (nM) from 1 assay(s)
3LXE,"('PDBBind:\xa0 3LXE', 'Ki:&nbsp250\xa0(nM) from 1 assay(s)')"
3LXE,"('Binding MOAD:\xa0 3LXE', 'Ki:&nbsp250\xa0(nM) from 1 assay(s)')"
3LXK,"('MI1', 'BindingDB:\xa0 3LXK', 'Ki:&nbspmin: 0.24, max: 2200\xa0(nM) from 4 assay(s)')"
3LXK,"Kd:&nbspmin: 0.16, max: 2.2 (nM) from 3 assay(s)"
3LXK,"IC50:&nbspmin: 0.24, max: 1500 (nM) from 51 assay(s)"
3LXK,"('Binding MOAD:\xa0 3LXK', 'Ki:&nbsp0.2\xa0(nM) from 1 assay(s)')"
3LXK,"('PDBBind:\xa0 3LXK', 'Kd:&nbsp0.16\xa0(nM) from 1 assay(s)')"
3LXL,"('IZA', 'PDBBind:\xa0 3LXL', 'IC50:&nbsp5\xa0(nM) from 1 assay(s)')"
3LXL,"('BindingDB:\xa0 3LXL', 'IC50:&nbspmin: 5, max: 900\xa0(nM) from 4 assay(s)')"
3LXN,"('MI1', 'BindingDB:\xa0 3LXN', 'Ki:&nbspmin: 4.39, max: 7.8\xa0(nM) from 2 assay(s)')"
3LXN,"Kd:&nbspmin: 4.8, max: 1.00e+4 (nM) from 4 assay(s)"
3LXN,"IC50:&nbspmin: 8.9, max: 1200 (nM) from 31 assay(s)"
3LXN,"('Binding MOAD:\xa0 3LXN', 'Ki:&nbsp4.4\xa0(nM) from 1 assay(s)')"
3LXP,"('IZA', 'BindingDB:\xa0 3LXP', 'IC50:&nbspmin: 1, max: 1700\xa0(nM) from 4 assay(s)')"
3LY2,"('Z72', 'PDBBind:\xa0 3LY2', 'IC50:&nbsp5\xa0(nM) from 1 assay(s)')"
3LY2,"('BindingDB:\xa0 3LY2', 'IC50:&nbsp5\xa0(nM) from 1 assay(s)')"
3LZ3,"('388', 'BindingDB:\xa0 3LZ3', 'IC50:&nbspmin: 30, max: 400\xa0(nM) from 2 assay(s)')"
3LZ5,"('LDT', 'Binding MOAD:\xa0 3LZ5', 'Kd:&nbsp827\xa0(nM) from 1 assay(s)')"
3LZ5,"('BindingDB:\xa0 3LZ5', 'IC50:&nbspmin: 3, max: 30\xa0(nM) from 2 assay(s)')"
3LZB,"('ITI', 'BindingDB:\xa0 3LZB', 'Ki:&nbsp32\xa0(nM) from 1 assay(s)')"
3LZB,"('PDBBind:\xa0 3LZB', 'IC50:&nbsp63\xa0(nM) from 1 assay(s)')"
3M0I,"('ZST', 'BindingDB:\xa0 3M0I', 'Ki:&nbsp19\xa0(nM) from 1 assay(s)')"
3M0I,"IC50:&nbspmin: 1.9, max: 81 (nM) from 17 assay(s)"
3M0I,"('Binding MOAD:\xa0 3M0I', 'Kd:&nbsp1850\xa0(nM) from 1 assay(s)')"
3M11,"('AKI', 'BindingDB:\xa0 3M11', 'IC50:&nbsp43\xa0(nM) from 1 assay(s)')"
3M11,"('PDBBind:\xa0 3M11', 'IC50:&nbsp43\xa0(nM) from 1 assay(s)')"
3M1J,"('IMD', 'PDBBind:\xa0 3M1J', 'IC50:&nbsp1.50e+4\xa0(nM) from 1 assay(s)')"
3M1K,"('BEW', 'PDBBind:\xa0 3M1K', 'Ki:&nbsp4100\xa0(nM) from 1 assay(s)')"
3M1K,"('Binding MOAD:\xa0 3M1K', 'Ki:&nbsp4100\xa0(nM) from 1 assay(s)')"
3M1S,"('DW1', 'PDBBind:\xa0 3M1S', 'IC50:&nbsp1\xa0(nM) from 1 assay(s)')"
3M1W,"('SO4', 'BindingDB:\xa0 3M1W', 'Ki:&nbspmin: 8.90e+7, max: 3.00e+8\xa0(nM) from 4 assay(s)')"
3M2W,"('L8I', 'PDBBind:\xa0 3M2W', 'IC50:&nbsp3\xa0(nM) from 1 assay(s)')"
3M2W,"('BindingDB:\xa0 3M2W', 'IC50:&nbsp3\xa0(nM) from 1 assay(s)')"
3M2W,"('Binding MOAD:\xa0 3M2W', 'IC50:&nbsp3\xa0(nM) from 1 assay(s)')"
3M2Y,"('BE0', 'BindingDB:\xa0 3M2Y', 'Ki:&nbsp148\xa0(nM) from 1 assay(s)')"
3M2Z,"('CO3', 'BindingDB:\xa0 3M2Z', 'Ki:&nbsp7.30e+7\xa0(nM) from 1 assay(s)')"
3M36,"('M35', 'PDBBind:\xa0 3M36', 'Ki:&nbsp0.15\xa0(nM) from 1 assay(s)')"
3M36,"('BindingDB:\xa0 3M36', 'Ki:&nbspmin: 0.15, max: 150\xa0(nM) from 3 assay(s)')"
3M36,IC50:&nbsp2.4 (nM) from 1 assay(s)
3M37,"('M37', 'PDBBind:\xa0 3M37', 'Ki:&nbsp0.91\xa0(nM) from 1 assay(s)')"
3M37,"('BindingDB:\xa0 3M37', 'Ki:&nbspmin: 0.91, max: 2.9\xa0(nM) from 2 assay(s)')"
3M3X,"('JS7', 'Binding MOAD:\xa0 3M3X', 'Kd:&nbsp150\xa0(nM) from 1 assay(s)')"
3M3X,"('BindingDB:\xa0 3M3X', 'Kd:&nbspmin: 70, max: 150\xa0(nM) from 2 assay(s)')"
3M3X,"('PDBBind:\xa0 3M3X', 'Kd:&nbsp150\xa0(nM) from 1 assay(s)')"
3M3Z,"('3F5', 'PDBBind:\xa0 3M3Z', 'Ki:&nbsp1850\xa0(nM) from 1 assay(s)')"
3M3Z,"('BindingDB:\xa0 3M3Z', 'Ki:&nbsp1850\xa0(nM) from 1 assay(s)')"
3M3Z,"('Binding MOAD:\xa0 3M3Z', 'Kd:&nbsp1.24e+4\xa0(nM) from 1 assay(s)')"
3M40,"('J45', 'Binding MOAD:\xa0 3M40', 'Kd:&nbsp170\xa0(nM) from 1 assay(s)')"
3M40,"('BindingDB:\xa0 3M40', 'Kd:&nbspmin: 90, max: 170\xa0(nM) from 2 assay(s)')"
3M40,"('PDBBind:\xa0 3M40', 'Kd:&nbsp170\xa0(nM) from 1 assay(s)')"
3M42,"('HGF', 'BindingDB:\xa0 3M42', 'IC50:&nbspmin: 10, max: 1500\xa0(nM) from 4 assay(s)')"
3M4H,"('388', 'Binding MOAD:\xa0 3M4H', 'Kd:&nbsp1010\xa0(nM) from 1 assay(s)')"
3M4H,"('BindingDB:\xa0 3M4H', 'IC50:&nbspmin: 30, max: 400\xa0(nM) from 2 assay(s)')"
3M53,"('SAH', 'BindingDB:\xa0 3M53', 'IC50:&nbspmin: 3.00e+4, max: 4.70e+4\xa0(nM) from 2 assay(s)')"
3M54,"('SAH', 'BindingDB:\xa0 3M54', 'IC50:&nbspmin: 3.00e+4, max: 4.70e+4\xa0(nM) from 2 assay(s)')"
3M55,"('SAH', 'BindingDB:\xa0 3M55', 'IC50:&nbspmin: 3.00e+4, max: 4.70e+4\xa0(nM) from 2 assay(s)')"
3M56,"('SAH', 'BindingDB:\xa0 3M56', 'IC50:&nbspmin: 3.00e+4, max: 4.70e+4\xa0(nM) from 2 assay(s)')"
3M57,"('SAH', 'BindingDB:\xa0 3M57', 'IC50:&nbspmin: 3.00e+4, max: 4.70e+4\xa0(nM) from 2 assay(s)')"
3M58,"('SAH', 'BindingDB:\xa0 3M58', 'IC50:&nbspmin: 3.00e+4, max: 4.70e+4\xa0(nM) from 2 assay(s)')"
3M59,"('SAH', 'BindingDB:\xa0 3M59', 'IC50:&nbspmin: 3.00e+4, max: 4.70e+4\xa0(nM) from 2 assay(s)')"
3M5A,"('SAH', 'BindingDB:\xa0 3M5A', 'IC50:&nbspmin: 3.00e+4, max: 4.70e+4\xa0(nM) from 2 assay(s)')"
3M5E,"('JDR', 'BindingDB:\xa0 3M5E', 'Kd:&nbspmin: 24, max: 43\xa0(nM) from 2 assay(s)')"
3M5E,"('PDBBind:\xa0 3M5E', 'Kd:&nbsp43\xa0(nM) from 1 assay(s)')"
3M5E,"('Binding MOAD:\xa0 3M5E', 'Kd:&nbsp43\xa0(nM) from 1 assay(s)')"
3M5S,"('CO3', 'BindingDB:\xa0 3M5S', 'Ki:&nbsp7.30e+7\xa0(nM) from 1 assay(s)')"
3M5T,"('CO3', 'BindingDB:\xa0 3M5T', 'Ki:&nbsp7.30e+7\xa0(nM) from 1 assay(s)')"
3M64,"('393', 'Binding MOAD:\xa0 3M64', 'Kd:&nbsp1510\xa0(nM) from 1 assay(s)')"
3M64,"('BindingDB:\xa0 3M64', 'Kd:&nbsp14\xa0(nM) from 1 assay(s)')"
3M64,IC50:&nbsp6 (nM) from 1 assay(s)
3M67,"('E36', 'BindingDB:\xa0 3M67', 'Kd:&nbspmin: 20, max: 1800\xa0(nM) from 2 assay(s)')"
3M67,"('PDBBind:\xa0 3M67', 'Kd:&nbsp180\xa0(nM) from 1 assay(s)')"
3M67,"('Binding MOAD:\xa0 3M67', 'Kd:&nbsp180\xa0(nM) from 1 assay(s)')"
3M6F,"('BJZ', 'BindingDB:\xa0 3M6F', 'IC50:&nbspmin: 2.5, max: 276\xa0(nM) from 3 assay(s)')"
3M6F,"('PDBBind:\xa0 3M6F', 'IC50:&nbsp2.5\xa0(nM) from 1 assay(s)')"
3M93,"('M7G', 'PDBBind:\xa0 3M93', 'Kd:&nbsp240\xa0(nM) from 1 assay(s)')"
3M94,"('M7M', 'PDBBind:\xa0 3M94', 'Kd:&nbsp8400\xa0(nM) from 1 assay(s)')"
3M96,"('E38', 'PDBBind:\xa0 3M96', 'Kd:&nbsp60\xa0(nM) from 1 assay(s)')"
3M96,"('Binding MOAD:\xa0 3M96', 'Kd:&nbsp60\xa0(nM) from 1 assay(s)')"
3M98,"('E02', 'BindingDB:\xa0 3M98', 'Kd:&nbspmin: 1.5, max: 1600\xa0(nM) from 7 assay(s)')"
3MA3,"('01I', 'Binding MOAD:\xa0 3MA3', 'IC50:&nbsp60\xa0(nM) from 1 assay(s)')"
3MA3,"('PDBBind:\xa0 3MA3', 'IC50:&nbsp60\xa0(nM) from 1 assay(s)')"
3MAX,"('LLX', 'PDBBind:\xa0 3MAX', 'IC50:&nbsp900\xa0(nM) from 1 assay(s)')"
3MAX,"('BindingDB:\xa0 3MAX', 'IC50:&nbspmin: 27, max: 1200\xa0(nM) from 9 assay(s)')"
3MAX,"('Binding MOAD:\xa0 3MAX', 'IC50:&nbsp27\xa0(nM) from 1 assay(s)')"
3MB6,"('01I', 'Binding MOAD:\xa0 3MB6', 'IC50:&nbsp100\xa0(nM) from 1 assay(s)')"
3MB6,"('PDBBind:\xa0 3MB6', 'IC50:&nbsp100\xa0(nM) from 1 assay(s)')"
3MB7,"('14I', 'PDBBind:\xa0 3MB7', 'IC50:&nbsp200\xa0(nM) from 1 assay(s)')"
3MB7,"('Binding MOAD:\xa0 3MB7', 'IC50:&nbsp200\xa0(nM) from 1 assay(s)')"
3MB9,"('ZST', 'BindingDB:\xa0 3MB9', 'Ki:&nbsp19\xa0(nM) from 1 assay(s)')"
3MB9,"IC50:&nbspmin: 1.9, max: 81 (nM) from 17 assay(s)"
3MB9,"('Binding MOAD:\xa0 3MB9', 'Kd:&nbsp106\xa0(nM) from 1 assay(s)')"
3MBL,"('LSG', 'BindingDB:\xa0 3MBL', 'IC50:&nbsp18\xa0(nM) from 1 assay(s)')"
3MBL,"('PDBBind:\xa0 3MBL', 'IC50:&nbsp18\xa0(nM) from 1 assay(s)')"
3MC5,"('393', 'BindingDB:\xa0 3MC5', 'Kd:&nbsp14\xa0(nM) from 1 assay(s)')"
3MC5,IC50:&nbsp6 (nM) from 1 assay(s)
3MC5,"('Binding MOAD:\xa0 3MC5', 'Kd:&nbsp1510\xa0(nM) from 1 assay(s)')"
3MDT,"('VOR', 'Binding MOAD:\xa0 3MDT', 'Kd:&nbsp5\xa0(nM) from 1 assay(s)')"
3MDV,"('CL6', 'Binding MOAD:\xa0 3MDV', 'Kd:&nbsp4\xa0(nM) from 1 assay(s)')"
3MDY,"('LDN', 'BindingDB:\xa0 3MDY', 'IC50:&nbspmin: 2.2, max: 19\xa0(nM) from 4 assay(s)')"
3MDZ,"('EZL', 'BindingDB:\xa0 3MDZ', 'Ki:&nbspmin: 0.78, max: 0.8\xa0(nM) from 2 assay(s)')"
3MDZ,Kd:&nbsp0.71 (nM) from 1 assay(s)
3MDZ,"('PDBBind:\xa0 3MDZ', 'Ki:&nbsp0.8\xa0(nM) from 1 assay(s)')"
3ME3,"('3SZ', 'BindingDB:\xa0 3ME3', 'EC50:&nbsp38\xa0(nM) from 1 assay(s)')"
3MFV,"('Z70', 'BindingDB:\xa0 3MFV', 'Ki:&nbsp3.00e+6\xa0(nM) from 1 assay(s)')"
3MFV,"('PDBBind:\xa0 3MFV', 'Ki:&nbsp3.00e+6\xa0(nM) from 1 assay(s)')"
3MFV,"('Binding MOAD:\xa0 3MFV', 'Ki:&nbsp3.00e+6\xa0(nM) from 1 assay(s)')"
3MFW,"('B3U', 'BindingDB:\xa0 3MFW', 'Ki:&nbsp3.00e+5\xa0(nM) from 1 assay(s)')"
3MFW,"('PDBBind:\xa0 3MFW', 'Ki:&nbsp3.00e+5\xa0(nM) from 1 assay(s)')"
3MFW,"('Binding MOAD:\xa0 3MFW', 'Ki:&nbsp3.00e+5\xa0(nM) from 1 assay(s)')"
3MHC,"('ARZ', 'Binding MOAD:\xa0 3MHC', 'Ki:&nbsp11\xa0(nM) from 1 assay(s)')"
3MHC,"('PDBBind:\xa0 3MHC', 'Ki:&nbsp11\xa0(nM) from 1 assay(s)')"
3MHC,"('BindingDB:\xa0 3MHC', 'Ki:&nbsp10\xa0(nM) from 1 assay(s)')"
3MHI,"('J90', 'PDBBind:\xa0 3MHI', 'Kd:&nbsp200\xa0(nM) from 1 assay(s)')"
3MHI,"('Binding MOAD:\xa0 3MHI', 'Kd:&nbsp200\xa0(nM) from 1 assay(s)')"
3MHI,"('BindingDB:\xa0 3MHI', 'Kd:&nbsp200\xa0(nM) from 1 assay(s)')"
3MHL,"('J71', 'BindingDB:\xa0 3MHL', 'Kd:&nbspmin: 50, max: 56\xa0(nM) from 2 assay(s)')"
3MHL,"('PDBBind:\xa0 3MHL', 'Kd:&nbsp56\xa0(nM) from 1 assay(s)')"
3MHL,"('Binding MOAD:\xa0 3MHL', 'Kd:&nbsp56\xa0(nM) from 1 assay(s)')"
3MHM,"('J75', 'BindingDB:\xa0 3MHM', 'Kd:&nbsp100\xa0(nM) from 1 assay(s)')"
3MHM,"('PDBBind:\xa0 3MHM', 'Kd:&nbsp100\xa0(nM) from 1 assay(s)')"
3MHM,"('Binding MOAD:\xa0 3MHM', 'Kd:&nbsp100\xa0(nM) from 1 assay(s)')"
3MHO,"('J43', 'PDBBind:\xa0 3MHO', 'Kd:&nbsp320\xa0(nM) from 1 assay(s)')"
3MHO,"('BindingDB:\xa0 3MHO', 'Kd:&nbspmin: 170, max: 320\xa0(nM) from 2 assay(s)')"
3MHO,"('Binding MOAD:\xa0 3MHO', 'Kd:&nbsp320\xa0(nM) from 1 assay(s)')"
3MHW,"('ABV', 'PDBBind:\xa0 3MHW', 'Ki:&nbsp5.03e+6\xa0(nM) from 1 assay(s)')"
3MI2,"('PFU', 'PDBBind:\xa0 3MI2', 'Ki:&nbsp17\xa0(nM) from 1 assay(s)')"
3MI2,"('BindingDB:\xa0 3MI2', 'Ki:&nbsp17\xa0(nM) from 1 assay(s)')"
3MI2,"('Binding MOAD:\xa0 3MI2', 'Ki:&nbsp790\xa0(nM) from 1 assay(s)')"
3MIY,"('B49', 'BindingDB:\xa0 3MIY', 'Kd:&nbsp13\xa0(nM) from 1 assay(s)')"
3MIY,"('Binding MOAD:\xa0 3MIY', 'Kd:&nbsp21\xa0(nM) from 1 assay(s)')"
3MIY,"('PDBBind:\xa0 3MIY', 'Kd:&nbsp21\xa0(nM) from 1 assay(s)')"
3MJ1,"('614', 'Binding MOAD:\xa0 3MJ1', 'Kd:&nbsp15\xa0(nM) from 1 assay(s)')"
3MJ1,"('PDBBind:\xa0 3MJ1', 'Kd:&nbsp15\xa0(nM) from 1 assay(s)')"
3MJ2,"('MJG', 'BindingDB:\xa0 3MJ2', 'Ki:&nbsp16\xa0(nM) from 1 assay(s)')"
3MJ2,IC50:&nbsp19 (nM) from 1 assay(s)
3MJ2,"('PDBBind:\xa0 3MJ2', 'IC50:&nbsp15\xa0(nM) from 1 assay(s)')"
3MJ2,"('Binding MOAD:\xa0 3MJ2', 'IC50:&nbsp15\xa0(nM) from 1 assay(s)')"
3MJL,"('2AI', 'PDBBind:\xa0 3MJL', 'Ki:&nbsp3.60e+6\xa0(nM) from 1 assay(s)')"
3MJL,"('BindingDB:\xa0 3MJL', 'Ki:&nbsp3.60e+6\xa0(nM) from 1 assay(s)')"
3ML2,"('SU0', 'BindingDB:\xa0 3ML2', 'Ki:&nbsp9\xa0(nM) from 1 assay(s)')"
3ML2,"('PDBBind:\xa0 3ML2', 'Ki:&nbsp9\xa0(nM) from 1 assay(s)')"
3ML2,"('Binding MOAD:\xa0 3ML2', 'Ki:&nbsp9.1\xa0(nM) from 1 assay(s)')"
3ML5,"('AZM', 'BindingDB:\xa0 3ML5', 'Ki:&nbspmin: 0.8, max: 69\xa0(nM) from 13 assay(s)')"
3ML5,"Kd:&nbspmin: 2.4, max: 63 (nM) from 5 assay(s)"
3ML5,"IC50:&nbspmin: 265, max: 3440 (nM) from 5 assay(s)"
3ML5,"('PDBBind:\xa0 3ML5', 'Ki:&nbsp3\xa0(nM) from 1 assay(s)')"
3MMF,"('D9H', 'BindingDB:\xa0 3MMF', 'Ki:&nbsp37\xa0(nM) from 1 assay(s)')"
3MMF,"('Binding MOAD:\xa0 3MMF', 'Ki:&nbsp37\xa0(nM) from 1 assay(s)')"
3MMF,"('PDBBind:\xa0 3MMF', 'Ki:&nbsp37\xa0(nM) from 1 assay(s)')"
3MNA,"('DWH', 'Binding MOAD:\xa0 3MNA', 'Ki:&nbsp41\xa0(nM) from 1 assay(s)')"
3MNA,"('PDBBind:\xa0 3MNA', 'Ki:&nbsp41\xa0(nM) from 1 assay(s)')"
3MNA,"('BindingDB:\xa0 3MNA', 'Ki:&nbsp41\xa0(nM) from 1 assay(s)')"
3MNR,"('SD1', 'BindingDB:\xa0 3MNR', 'IC50:&nbsp490\xa0(nM) from 1 assay(s)')"
3MNU,"('SO4', 'BindingDB:\xa0 3MNU', 'Ki:&nbspmin: 8.90e+7, max: 3.00e+8\xa0(nM) from 4 assay(s)')"
3MNU,"('BON', 'BindingDB:\xa0 3MNU', 'Ki:&nbsp48\xa0(nM) from 1 assay(s)')"
3MNU,"('PDBBind:\xa0 3MNU', 'Ki:&nbsp48\xa0(nM) from 1 assay(s)')"
3MNU,"('Binding MOAD:\xa0 3MNU', 'Ki:&nbsp48\xa0(nM) from 1 assay(s)')"
3MO0,"('E11', 'PDBBind:\xa0 3MO0', 'Kd:&nbsp154\xa0(nM) from 1 assay(s)')"
3MO0,"('SAH', 'BindingDB:\xa0 3MO0', 'IC50:&nbsp230\xa0(nM) from 1 assay(s)')"
3MO2,"('E67', 'PDBBind:\xa0 3MO2', 'Kd:&nbsp244\xa0(nM) from 1 assay(s)')"
3MO2,"('Binding MOAD:\xa0 3MO2', 'Kd:&nbsp244\xa0(nM) from 1 assay(s)')"
3MO2,"('SAH', 'BindingDB:\xa0 3MO2', 'IC50:&nbsp230\xa0(nM) from 1 assay(s)')"
3MO5,"('E72', 'BindingDB:\xa0 3MO5', 'Kd:&nbsp136\xa0(nM) from 1 assay(s)')"
3MO5,IC50:&nbsp100 (nM) from 1 assay(s)
3MO5,"('Binding MOAD:\xa0 3MO5', 'Kd:&nbsp136\xa0(nM) from 1 assay(s)')"
3MO5,"('PDBBind:\xa0 3MO5', 'Kd:&nbsp136\xa0(nM) from 1 assay(s)')"
3MO5,"('SAH', 'BindingDB:\xa0 3MO5', 'IC50:&nbsp230\xa0(nM) from 1 assay(s)')"
3MPM,"('5LK', 'PDBBind:\xa0 3MPM', 'IC50:&nbsp30\xa0(nM) from 1 assay(s)')"
3MPM,"('Binding MOAD:\xa0 3MPM', 'IC50:&nbsp30\xa0(nM) from 1 assay(s)')"
3MPT,"('1GK', 'PDBBind:\xa0 3MPT', 'IC50:&nbsp251\xa0(nM) from 1 assay(s)')"
3MPT,"('Binding MOAD:\xa0 3MPT', 'IC50:&nbsp250\xa0(nM) from 1 assay(s)')"
3MQ4,"('Z99', 'BindingDB:\xa0 3MQ4', 'Ki:&nbspmin: 110, max: 990\xa0(nM) from 2 assay(s)')"
3MQ4,IC50:&nbsp990 (nM) from 1 assay(s)
3MSJ,"('EV3', 'PDBBind:\xa0 3MSJ', 'IC50:&nbsp7.70e+5\xa0(nM) from 1 assay(s)')"
3MSJ,"('Binding MOAD:\xa0 3MSJ', 'IC50:&nbsp7.70e+5\xa0(nM) from 1 assay(s)')"
3MSJ,"('BindingDB:\xa0 3MSJ', 'IC50:&nbsp7.70e+5\xa0(nM) from 1 assay(s)')"
3MSK,"('EV4', 'PDBBind:\xa0 3MSK', 'IC50:&nbsp2.60e+4\xa0(nM) from 1 assay(s)')"
3MSK,"('Binding MOAD:\xa0 3MSK', 'IC50:&nbsp2.60e+4\xa0(nM) from 1 assay(s)')"
3MSK,"('BindingDB:\xa0 3MSK', 'IC50:&nbsp2.60e+4\xa0(nM) from 1 assay(s)')"
3MSL,"('EV5', 'Binding MOAD:\xa0 3MSL', 'IC50:&nbsp7000\xa0(nM) from 1 assay(s)')"
3MSL,"('PDBBind:\xa0 3MSL', 'IC50:&nbsp7000\xa0(nM) from 1 assay(s)')"
3MSL,"('BindingDB:\xa0 3MSL', 'IC50:&nbsp7000\xa0(nM) from 1 assay(s)')"
3MTF,"('A3F', 'BindingDB:\xa0 3MTF', 'IC50:&nbspmin: 1.2, max: 420\xa0(nM) from 5 assay(s)')"
3MUM,"('C2E', 'PDBBind:\xa0 3MUM', 'Kd:&nbsp0.21\xa0(nM) from 1 assay(s)')"
3MUR,"('C2E', 'PDBBind:\xa0 3MUR', 'Kd:&nbsp15\xa0(nM) from 1 assay(s)')"
3MV5,"('XFE', 'PDBBind:\xa0 3MV5', 'IC50:&nbsp180\xa0(nM) from 1 assay(s)')"
3MV5,"('Binding MOAD:\xa0 3MV5', 'IC50:&nbsp180\xa0(nM) from 1 assay(s)')"
3MV5,"('BindingDB:\xa0 3MV5', 'IC50:&nbsp180\xa0(nM) from 1 assay(s)')"
3MVH,"('WFE', 'BindingDB:\xa0 3MVH', 'IC50:&nbspmin: 0.5, max: 310\xa0(nM) from 4 assay(s)')"
3MVH,"('Binding MOAD:\xa0 3MVH', 'IC50:&nbsp0.5\xa0(nM) from 1 assay(s)')"
3MVH,"('PDBBind:\xa0 3MVH', 'IC50:&nbsp0.5\xa0(nM) from 1 assay(s)')"
3MVJ,"('XFE', 'Binding MOAD:\xa0 3MVJ', 'IC50:&nbsp3200\xa0(nM) from 1 assay(s)')"
3MVJ,"('PDBBind:\xa0 3MVJ', 'IC50:&nbsp3200\xa0(nM) from 1 assay(s)')"
3MVL,"('38P', 'PDBBind:\xa0 3MVL', 'IC50:&nbsp13\xa0(nM) from 1 assay(s)')"
3MVL,"('BindingDB:\xa0 3MVL', 'IC50:&nbsp13\xa0(nM) from 1 assay(s)')"
3MVM,"('39P', 'Binding MOAD:\xa0 3MVM', 'IC50:&nbsp3.9\xa0(nM) from 1 assay(s)')"
3MVM,"('PDBBind:\xa0 3MVM', 'IC50:&nbsp3.9\xa0(nM) from 1 assay(s)')"
3MVM,"('BindingDB:\xa0 3MVM', 'IC50:&nbsp3.9\xa0(nM) from 1 assay(s)')"
3MW1,"('MIH', 'PDBBind:\xa0 3MW1', 'IC50:&nbsp0.82\xa0(nM) from 1 assay(s)')"
3MW1,"('BindingDB:\xa0 3MW1', 'IC50:&nbsp0.82\xa0(nM) from 1 assay(s)')"
3MW7,"('5FU', 'BindingDB:\xa0 3MW7', 'Ki:&nbsp9.80e+4\xa0(nM) from 1 assay(s)')"
3MWE,"('TLA', 'PDBBind:\xa0 3MWE', 'Ki:&nbsp2.90e+7\xa0(nM) from 1 assay(s)')"
3MWE,"('Binding MOAD:\xa0 3MWE', 'Ki:&nbsp2.90e+7\xa0(nM) from 1 assay(s)')"
3MXF,"('JQ1', 'PDBBind:\xa0 3MXF', 'Kd:&nbsp49\xa0(nM) from 1 assay(s)')"
3MXH,"('C2E', 'PDBBind:\xa0 3MXH', 'Kd:&nbsp0.01\xa0(nM) from 1 assay(s)')"
3MY0,"('LDN', 'BindingDB:\xa0 3MY0', 'IC50:&nbspmin: 1.48, max: 13\xa0(nM) from 4 assay(s)')"
3MY1,"('RFZ', 'BindingDB:\xa0 3MY1', 'Ki:&nbsp340\xa0(nM) from 1 assay(s)')"
3MY1,"('PDBBind:\xa0 3MY1', 'IC50:&nbsp3580\xa0(nM) from 1 assay(s)')"
3MY5,"('RFZ', 'BindingDB:\xa0 3MY5', 'Ki:&nbsp6.50e+4\xa0(nM) from 1 assay(s)')"
3MY5,"('PDBBind:\xa0 3MY5', 'IC50:&nbsp6.50e+4\xa0(nM) from 1 assay(s)')"
3MY5,"('Binding MOAD:\xa0 3MY5', 'IC50:&nbsp6.50e+4\xa0(nM) from 1 assay(s)')"
3MYG,"('EML', 'PDBBind:\xa0 3MYG', 'Kd:&nbsp0.02\xa0(nM) from 1 assay(s)')"
3MYQ,"('E27', 'Binding MOAD:\xa0 3MYQ', 'Kd:&nbsp30\xa0(nM) from 1 assay(s)')"
3MYQ,"('PDBBind:\xa0 3MYQ', 'Kd:&nbsp30\xa0(nM) from 1 assay(s)')"
3MZ3,"('B3N', 'PDBBind:\xa0 3MZ3', 'Ki:&nbsp14.8\xa0(nM) from 1 assay(s)')"
3MZ6,"('B3N', 'PDBBind:\xa0 3MZ6', 'Ki:&nbsp63\xa0(nM) from 1 assay(s)')"
3MZC,"('S6I', 'Binding MOAD:\xa0 3MZC', 'Ki:&nbsp226\xa0(nM) from 1 assay(s)')"
3MZC,"('PDBBind:\xa0 3MZC', 'Ki:&nbsp226\xa0(nM) from 1 assay(s)')"
3MZC,"('BindingDB:\xa0 3MZC', 'Ki:&nbsp226\xa0(nM) from 1 assay(s)')"
3N0H,"('TOP', 'BindingDB:\xa0 3N0H', 'Ki:&nbspmin: 6, max: 4.80e+4\xa0(nM) from 10 assay(s)')"
3N0H,"IC50:&nbspmin: 0.04, max: 300 (nM) from 7 assay(s)"
3N0H,"('Binding MOAD:\xa0 3N0H', 'Ki:&nbsp617\xa0(nM) from 1 assay(s)')"
3N0H,"('PDBBind:\xa0 3N0H', 'Ki:&nbsp617\xa0(nM) from 1 assay(s)')"
3N0N,"('P9B', 'BindingDB:\xa0 3N0N', 'Ki:&nbspmin: 8, max: 50\xa0(nM) from 2 assay(s)')"
3N0N,"('Binding MOAD:\xa0 3N0N', 'Ki:&nbsp50\xa0(nM) from 1 assay(s)')"
3N0N,"('PDBBind:\xa0 3N0N', 'Ki:&nbsp50\xa0(nM) from 1 assay(s)')"
3N0T,"('OPY', 'BindingDB:\xa0 3N0T', 'IC50:&nbspmin: 130, max: 1.91e+5\xa0(nM) from 4 assay(s)')"
3N1V,"('3N1', 'BindingDB:\xa0 3N1V', 'IC50:&nbspmin: 5.00e+5, max: 5.00e+8\xa0(nM) from 2 assay(s)')"
3N1V,"('Binding MOAD:\xa0 3N1V', 'IC50:&nbsp5.00e+5\xa0(nM) from 1 assay(s)')"
3N1V,"('PDBBind:\xa0 3N1V', 'IC50:&nbsp5.00e+5\xa0(nM) from 1 assay(s)')"
3N1W,"('3N2', 'PDBBind:\xa0 3N1W', 'IC50:&nbsp5.00e+5\xa0(nM) from 1 assay(s)')"
3N1W,"('BindingDB:\xa0 3N1W', 'IC50:&nbspmin: 5.00e+5, max: 5.00e+8\xa0(nM) from 2 assay(s)')"
3N2P,"('AYX', 'Binding MOAD:\xa0 3N2P', 'Ki:&nbsp15\xa0(nM) from 1 assay(s)')"
3N2P,"('BindingDB:\xa0 3N2P', 'Ki:&nbsp15\xa0(nM) from 1 assay(s)')"
3N2P,"('PDBBind:\xa0 3N2P', 'Ki:&nbsp15\xa0(nM) from 1 assay(s)')"
3N2U,"('D3X', 'BindingDB:\xa0 3N2U', 'Ki:&nbspmin: 14, max: 14.3\xa0(nM) from 2 assay(s)')"
3N2U,"('PDBBind:\xa0 3N2U', 'Ki:&nbsp14.3\xa0(nM) from 1 assay(s)')"
3N2V,"('JT5', 'BindingDB:\xa0 3N2V', 'Ki:&nbsp31\xa0(nM) from 1 assay(s)')"
3N2V,"('PDBBind:\xa0 3N2V', 'Ki:&nbsp31\xa0(nM) from 1 assay(s)')"
3N3G,"('93N', 'PDBBind:\xa0 3N3G', 'Ki:&nbsp58\xa0(nM) from 1 assay(s)')"
3N3G,"('BindingDB:\xa0 3N3G', 'IC50:&nbsp58\xa0(nM) from 1 assay(s)')"
3N3G,EC50:&nbsp138 (nM) from 1 assay(s)
3N3J,"('WWV', 'Binding MOAD:\xa0 3N3J', 'Ki:&nbsp3.3\xa0(nM) from 1 assay(s)')"
3N3J,"('BindingDB:\xa0 3N3J', 'Ki:&nbsp3.3\xa0(nM) from 1 assay(s)')"
3N3J,"('PDBBind:\xa0 3N3J', 'Ki:&nbsp3.3\xa0(nM) from 1 assay(s)')"
3N3L,"('MS0', 'BindingDB:\xa0 3N3L', 'IC50:&nbspmin: 5.00e+5, max: 5.00e+8\xa0(nM) from 2 assay(s)')"
3N3L,"('PDBBind:\xa0 3N3L', 'IC50:&nbsp5.00e+5\xa0(nM) from 1 assay(s)')"
3N45,"('ZOL', 'BindingDB:\xa0 3N45', 'Ki:&nbspmin: 0.07, max: 85.9\xa0(nM) from 3 assay(s)')"
3N45,"IC50:&nbspmin: 0.24, max: 2000 (nM) from 18 assay(s)"
3N45,"('3N3', 'BindingDB:\xa0 3N45', 'IC50:&nbspmin: 5.00e+5, max: 5.00e+8\xa0(nM) from 2 assay(s)')"
3N45,"('PDBBind:\xa0 3N45', 'IC50:&nbsp5.00e+5\xa0(nM) from 1 assay(s)')"
3N46,"('ZOL', 'BindingDB:\xa0 3N46', 'Ki:&nbspmin: 0.07, max: 85.9\xa0(nM) from 3 assay(s)')"
3N46,"IC50:&nbspmin: 0.24, max: 2000 (nM) from 18 assay(s)"
3N46,"('3N5', 'PDBBind:\xa0 3N46', 'IC50:&nbsp5.00e+4\xa0(nM) from 1 assay(s)')"
3N46,"('BindingDB:\xa0 3N46', 'IC50:&nbsp5.00e+4\xa0(nM) from 1 assay(s)')"
3N49,"('3N4', 'PDBBind:\xa0 3N49', 'IC50:&nbsp7000\xa0(nM) from 1 assay(s)')"
3N49,"('Binding MOAD:\xa0 3N49', 'IC50:&nbsp7000\xa0(nM) from 1 assay(s)')"
3N49,"('BindingDB:\xa0 3N49', 'IC50:&nbsp7000\xa0(nM) from 1 assay(s)')"
3N4B,"('WWZ', 'BindingDB:\xa0 3N4B', 'Ki:&nbspmin: 96, max: 960\xa0(nM) from 2 assay(s)')"
3N4B,"('PDBBind:\xa0 3N4B', 'Ki:&nbsp96\xa0(nM) from 1 assay(s)')"
3N4B,"('Binding MOAD:\xa0 3N4B', 'Ki:&nbsp96\xa0(nM) from 1 assay(s)')"
3N4C,"('EF3', 'PDBBind:\xa0 3N4C', 'IC50:&nbsp9.5\xa0(nM) from 1 assay(s)')"
3N4L,"('842', 'PDBBind:\xa0 3N4L', 'IC50:&nbsp59\xa0(nM) from 1 assay(s)')"
3N4L,"('BindingDB:\xa0 3N4L', 'IC50:&nbsp59\xa0(nM) from 1 assay(s)')"
3N5H,"('GO0', 'Binding MOAD:\xa0 3N5H', 'IC50:&nbsp2000\xa0(nM) from 1 assay(s)')"
3N5H,"('BindingDB:\xa0 3N5H', 'IC50:&nbsp2000\xa0(nM) from 1 assay(s)')"
3N5H,"('PDBBind:\xa0 3N5H', 'IC50:&nbsp2000\xa0(nM) from 1 assay(s)')"
3N5J,"('GO1', 'PDBBind:\xa0 3N5J', 'IC50:&nbsp6000\xa0(nM) from 1 assay(s)')"
3N5J,"('Binding MOAD:\xa0 3N5J', 'IC50:&nbsp6000\xa0(nM) from 1 assay(s)')"
3N5J,"('BindingDB:\xa0 3N5J', 'IC50:&nbsp6000\xa0(nM) from 1 assay(s)')"
3N6K,"('BFH', 'Binding MOAD:\xa0 3N6K', 'Kd:&nbsp180\xa0(nM) from 1 assay(s)')"
3N6K,"('PDBBind:\xa0 3N6K', 'Kd:&nbsp180\xa0(nM) from 1 assay(s)')"
3N6K,"('BindingDB:\xa0 3N6K', 'IC50:&nbspmin: 200, max: 2.00e+4\xa0(nM) from 5 assay(s)')"
3N7O,"('N7O', 'PDBBind:\xa0 3N7O', 'Ki:&nbsp72\xa0(nM) from 1 assay(s)')"
3N7O,"('Binding MOAD:\xa0 3N7O', 'Ki:&nbsp72\xa0(nM) from 1 assay(s)')"
3N7O,"('BindingDB:\xa0 3N7O', 'IC50:&nbsp58\xa0(nM) from 1 assay(s)')"
3N7R,"('3N6', 'BindingDB:\xa0 3N7R', 'Ki:&nbspmin: 5.00e-3, max: 3.4\xa0(nM) from 5 assay(s)')"
3N7R,"IC50:&nbspmin: 0.02, max: 4 (nM) from 4 assay(s)"
3N7R,EC50:&nbsp0.03 (nM) from 1 assay(s)
3N7R,"('N7R', 'BindingDB:\xa0 3N7R', 'Ki:&nbspmin: 0.77, max: 0.8\xa0(nM) from 2 assay(s)')"
3N7R,Kd:&nbsp1.9 (nM) from 1 assay(s)
3N7R,"IC50:&nbspmin: 2, max: 11 (nM) from 4 assay(s)"
3N7R,"('PDBBind:\xa0 3N7R', 'Kd:&nbsp20\xa0(nM) from 1 assay(s)')"
3N7S,"('3N6', 'BindingDB:\xa0 3N7S', 'Ki:&nbspmin: 5.00e-3, max: 3.4\xa0(nM) from 5 assay(s)')"
3N7S,"IC50:&nbspmin: 0.02, max: 4 (nM) from 4 assay(s)"
3N7S,EC50:&nbsp0.03 (nM) from 1 assay(s)
3N7S,"('PDBBind:\xa0 3N7S', 'Kd:&nbsp20\xa0(nM) from 1 assay(s)')"
3N7S,"('Binding MOAD:\xa0 3N7S', 'Kd:&nbsp20\xa0(nM) from 1 assay(s)')"
3N9J,"('EAA', 'BindingDB:\xa0 3N9J', 'IC50:&nbspmin: 3400, max: 2.60e+4\xa0(nM) from 3 assay(s)')"
3NAX,"('MP7', 'BindingDB:\xa0 3NAX', 'IC50:&nbsp500\xa0(nM) from 1 assay(s)')"
3NAX,EC50:&nbsp1 (nM) from 1 assay(s)
3NB5,"('R21', 'PDBBind:\xa0 3NB5', 'Ki:&nbsp18\xa0(nM) from 1 assay(s)')"
3NB5,"('BindingDB:\xa0 3NB5', 'Ki:&nbsp18\xa0(nM) from 1 assay(s)')"
3NB5,"('Binding MOAD:\xa0 3NB5', 'Ki:&nbsp18\xa0(nM) from 1 assay(s)')"
3NC9,"('TR3', 'PDBBind:\xa0 3NC9', 'IC50:&nbsp330\xa0(nM) from 1 assay(s)')"
3NC9,"('Binding MOAD:\xa0 3NC9', 'IC50:&nbsp330\xa0(nM) from 1 assay(s)')"
3NCZ,"('3NC', 'PDBBind:\xa0 3NCZ', 'IC50:&nbsp15\xa0(nM) from 1 assay(s)')"
3NDM,"('3ND', 'PDBBind:\xa0 3NDM', 'IC50:&nbsp11\xa0(nM) from 1 assay(s)')"
3NEE,"('B72', 'PDBBind:\xa0 3NEE', 'Kd:&nbsp4600\xa0(nM) from 1 assay(s)')"
3NEO,"('G24', 'PDBBind:\xa0 3NEO', 'Kd:&nbsp1200\xa0(nM) from 1 assay(s)')"
3NES,"('B72', 'PDBBind:\xa0 3NES', 'Kd:&nbsp2400\xa0(nM) from 1 assay(s)')"
3NEW,"('3NE', 'PDBBind:\xa0 3NEW', 'Kd:&nbsp1.00e+4\xa0(nM) from 1 assay(s)')"
3NEX,"('G24', 'PDBBind:\xa0 3NEX', 'Kd:&nbsp1000\xa0(nM) from 1 assay(s)')"
3NFR,"('EWQ', 'BindingDB:\xa0 3NFR', 'IC50:&nbsp1900\xa0(nM) from 1 assay(s)')"
3NGA,"('3NG', 'BindingDB:\xa0 3NGA', 'Ki:&nbspmin: 0.22, max: 0.38\xa0(nM) from 2 assay(s)')"
3NGA,"Kd:&nbspmin: 0.56, max: 0.56 (nM) from 2 assay(s)"
3NGA,"IC50:&nbspmin: 0.3, max: 2000 (nM) from 17 assay(s)"
3NGA,"('PDBBind:\xa0 3NGA', 'Kd:&nbsp10\xa0(nM) from 1 assay(s)')"
3NHF,"('VVV', 'BindingDB:\xa0 3NHF', 'IC50:&nbsp6000\xa0(nM) from 1 assay(s)')"
3NHJ,"('A2Z', 'BindingDB:\xa0 3NHJ', 'IC50:&nbsp6200\xa0(nM) from 1 assay(s)')"
3NHK,"('VAP', 'BindingDB:\xa0 3NHK', 'IC50:&nbsp7000\xa0(nM) from 1 assay(s)')"
3NHL,"('YTR', 'BindingDB:\xa0 3NHL', 'IC50:&nbsp9300\xa0(nM) from 1 assay(s)')"
3NHP,"('HGZ', 'BindingDB:\xa0 3NHP', 'IC50:&nbsp1.00e+4\xa0(nM) from 1 assay(s)')"
3NHR,"('RZW', 'BindingDB:\xa0 3NHR', 'IC50:&nbsp1.08e+4\xa0(nM) from 1 assay(s)')"
3NHS,"('MZX', 'BindingDB:\xa0 3NHS', 'IC50:&nbsp1.08e+4\xa0(nM) from 1 assay(s)')"
3NHU,"('M42', 'BindingDB:\xa0 3NHU', 'IC50:&nbsp1.08e+4\xa0(nM) from 1 assay(s)')"
3NHW,"('ZXZ', 'BindingDB:\xa0 3NHW', 'IC50:&nbsp1.82e+4\xa0(nM) from 1 assay(s)')"
3NHY,"('A7B', 'BindingDB:\xa0 3NHY', 'IC50:&nbsp2.41e+4\xa0(nM) from 1 assay(s)')"
3NI5,"('C1H', 'BindingDB:\xa0 3NI5', 'Ki:&nbsp28\xa0(nM) from 1 assay(s)')"
3NI5,"('Binding MOAD:\xa0 3NI5', 'Ki:&nbsp28\xa0(nM) from 1 assay(s)')"
3NI5,"('PDBBind:\xa0 3NI5', 'Ki:&nbsp28\xa0(nM) from 1 assay(s)')"
