6TXV,"('TCW', 'Binding MOAD:\xa0 6TXV', 'Kd:&nbsp3100\xa0(nM) from 1 assay(s)')"
6TXW,"('TCW', 'Binding MOAD:\xa0 6TXW', 'Kd:&nbsp110\xa0(nM) from 1 assay(s)')"
6TYM,"('08A', 'Binding MOAD:\xa0 6TYM', 'Kd:&nbsp13.5\xa0(nM) from 1 assay(s)')"
6TYP,"('PKG', 'Binding MOAD:\xa0 6TYP', 'Kd:&nbsp2.7\xa0(nM) from 1 assay(s)')"
6U1N,"('2CU', 'BindingDB:\xa0 6U1N', 'Ki:&nbspmin: 3548, max: 9333\xa0(nM) from 5 assay(s)')"
6U25,"('O5B', 'BindingDB:\xa0 6U25', 'IC50:&nbspmin: 70, max: 70\xa0(nM) from 2 assay(s)')"
6U2H,"('29L', 'BindingDB:\xa0 6U2H', 'Ki:&nbsp0.13\xa0(nM) from 1 assay(s)')"
6U34,"('PQV', 'Binding MOAD:\xa0 6U34', 'Ki:&nbsp1.57e+5\xa0(nM) from 1 assay(s)')"
6U3E,"('4IP', 'BindingDB:\xa0 6U3E', 'Kd:&nbsp100\xa0(nM) from 1 assay(s)')"
6U3G,"('4IP', 'BindingDB:\xa0 6U3G', 'Kd:&nbsp100\xa0(nM) from 1 assay(s)')"
6U4J,"('PWV', 'Binding MOAD:\xa0 6U4J', 'IC50:&nbsp21.2\xa0(nM) from 1 assay(s)')"
6U4Q,"('PX7', 'Binding MOAD:\xa0 6U4Q', 'Ki:&nbsp150.3\xa0(nM) from 1 assay(s)')"
6U4T,"('PX7', 'Binding MOAD:\xa0 6U4T', 'Ki:&nbsp78.7\xa0(nM) from 1 assay(s)')"
6U5M,"('Q0S', 'Binding MOAD:\xa0 6U5M', 'Kd:&nbsp511\xa0(nM) from 1 assay(s)')"
6U5Y,"('Q0M', 'Binding MOAD:\xa0 6U5Y', 'Kd:&nbsp69\xa0(nM) from 1 assay(s)')"
6U65,"('Q0A', 'Binding MOAD:\xa0 6U65', 'Ki:&nbsp770\xa0(nM) from 1 assay(s)')"
6U67,"('Q01', 'Binding MOAD:\xa0 6U67', 'Ki:&nbsp950\xa0(nM) from 1 assay(s)')"
6U6W,"('Q0Y', 'Binding MOAD:\xa0 6U6W', 'Kd:&nbsp4710\xa0(nM) from 1 assay(s)')"
6U7C,"('Q1Y', 'Binding MOAD:\xa0 6U7C', 'IC50:&nbsp18\xa0(nM) from 1 assay(s)')"
6U80,"('Q1J', 'Binding MOAD:\xa0 6U80', 'Kd:&nbsp3.70e+4\xa0(nM) from 1 assay(s)')"
6U8B,"('Q1M', 'Binding MOAD:\xa0 6U8B', 'Kd:&nbsp431\xa0(nM) from 1 assay(s)')"
6U8O,"('Q1G', 'Binding MOAD:\xa0 6U8O', 'Kd:&nbsp289\xa0(nM) from 1 assay(s)')"
6U98,"('Q2D', 'Binding MOAD:\xa0 6U98', 'Ki:&nbsp378\xa0(nM) from 1 assay(s)')"
6U9A,"('Q2A', 'Binding MOAD:\xa0 6U9A', 'Ki:&nbsp164\xa0(nM) from 1 assay(s)')"
6U9K,"('Q2V', 'Binding MOAD:\xa0 6U9K', 'IC50:&nbsp138.4\xa0(nM) from 1 assay(s)')"
6U9M,"('Q2M', 'Binding MOAD:\xa0 6U9M', 'IC50:&nbsp66.5\xa0(nM) from 1 assay(s)')"
6U9N,"('Q34', 'Binding MOAD:\xa0 6U9N', 'IC50:&nbsp55.6\xa0(nM) from 1 assay(s)')"
6U9R,"('Q2P', 'Binding MOAD:\xa0 6U9R', 'IC50:&nbsp99.5\xa0(nM) from 1 assay(s)')"
6UBW,"('84S', 'Binding MOAD:\xa0 6UBW', 'IC50:&nbsp1\xa0(nM) from 1 assay(s)')"
6UCG,"('Q3Y', 'BindingDB:\xa0 6UCG', 'IC50:&nbspmin: 1, max: 49\xa0(nM) from 4 assay(s)')"
6UCS,"('Q41', 'Binding MOAD:\xa0 6UCS', 'Ki:&nbsp0.02\xa0(nM) from 1 assay(s)')"
6UD2,"('Q4D', 'Binding MOAD:\xa0 6UD2', 'IC50:&nbsp0.3\xa0(nM) from 1 assay(s)')"
6UDI,"('Q4S', 'Binding MOAD:\xa0 6UDI', 'IC50:&nbsp0.3\xa0(nM) from 1 assay(s)')"
6UDT,"('Q4V', 'Binding MOAD:\xa0 6UDT', 'IC50:&nbsp0.6\xa0(nM) from 1 assay(s)')"
6UDU,"('Q4Y', 'Binding MOAD:\xa0 6UDU', 'IC50:&nbsp1.7\xa0(nM) from 1 assay(s)')"
6UDV,"('Q51', 'Binding MOAD:\xa0 6UDV', 'Ki:&nbsp0.05\xa0(nM) from 1 assay(s)')"
6UDX,"('Q57', 'Binding MOAD:\xa0 6UDX', 'IC50:&nbsp10\xa0(nM) from 1 assay(s)')"
6UDY,"('Q54', 'Binding MOAD:\xa0 6UDY', 'IC50:&nbsp27\xa0(nM) from 1 assay(s)')"
6UF0,"('Q5V', 'Binding MOAD:\xa0 6UF0', 'IC50:&nbsp73\xa0(nM) from 1 assay(s)')"
6UF0,"('Q5Y', 'Binding MOAD:\xa0 6UF0', 'IC50:&nbsp230\xa0(nM) from 1 assay(s)')"
6UFB,"('Q64', 'Binding MOAD:\xa0 6UFB', 'Ki:&nbsp4.4\xa0(nM) from 1 assay(s)')"
6UFC,"('Q6A', 'Binding MOAD:\xa0 6UFC', 'Ki:&nbsp0.45\xa0(nM) from 1 assay(s)')"
6UFD,"('Q6D', 'Binding MOAD:\xa0 6UFD', 'Ki:&nbsp2.9\xa0(nM) from 1 assay(s)')"
6UFX,"('Q6S', 'Binding MOAD:\xa0 6UFX', 'Ki:&nbsp0.05\xa0(nM) from 1 assay(s)')"
6UGN,"('Q77', 'Binding MOAD:\xa0 6UGN', 'Ki:&nbsp763.5\xa0(nM) from 1 assay(s)')"
6UGP,"('Q7A', 'Binding MOAD:\xa0 6UGP', 'Ki:&nbsp685.5\xa0(nM) from 1 assay(s)')"
6UGR,"('Q71', 'Binding MOAD:\xa0 6UGR', 'Ki:&nbsp533.6\xa0(nM) from 1 assay(s)')"
6UH0,"('PX7', 'Binding MOAD:\xa0 6UH0', 'Ki:&nbsp853.1\xa0(nM) from 1 assay(s)')"
6UIF,"('Q8P', 'Binding MOAD:\xa0 6UIF', 'Kd:&nbsp170\xa0(nM) from 1 assay(s)')"
6UIK,"('Q8M', 'Binding MOAD:\xa0 6UIK', 'Kd:&nbsp400\xa0(nM) from 1 assay(s)')"
6UJ4,"('Q8S', 'Binding MOAD:\xa0 6UJ4', 'Kd:&nbsp170\xa0(nM) from 1 assay(s)')"
6UKU,"('QAV', 'Binding MOAD:\xa0 6UKU', 'IC50:&nbsp8\xa0(nM) from 1 assay(s)')"
6UKV,"('QB1', 'Binding MOAD:\xa0 6UKV', 'IC50:&nbsp1.5\xa0(nM) from 1 assay(s)')"
6UKX,"('QBA', 'Binding MOAD:\xa0 6UKX', 'IC50:&nbsp17\xa0(nM) from 1 assay(s)')"
6UKY,"('QBD', 'Binding MOAD:\xa0 6UKY', 'IC50:&nbsp10\xa0(nM) from 1 assay(s)')"
6UKZ,"('QBG', 'Binding MOAD:\xa0 6UKZ', 'IC50:&nbsp4\xa0(nM) from 1 assay(s)')"
6UL0,"('QBJ', 'Binding MOAD:\xa0 6UL0', 'IC50:&nbsp16\xa0(nM) from 1 assay(s)')"
6UNG,"('QEP', 'Binding MOAD:\xa0 6UNG', 'IC50:&nbsp55\xa0(nM) from 1 assay(s)')"
6URC,"('QFV', 'BindingDB:\xa0 6URC', 'IC50:&nbsp13\xa0(nM) from 1 assay(s)')"
6US2,"('S3O', 'Binding MOAD:\xa0 6US2', 'Ki:&nbsp5.20e-3\xa0(nM) from 1 assay(s)')"
6US3,"('8JF', 'Binding MOAD:\xa0 6US3', 'IC50:&nbsp81\xa0(nM) from 1 assay(s)')"
6US4,"('GN6', 'Binding MOAD:\xa0 6US4', 'IC50:&nbsp13\xa0(nM) from 1 assay(s)')"
6USC,"('KO2', 'Binding MOAD:\xa0 6USC', 'IC50:&nbsp7.00e+5\xa0(nM) from 1 assay(s)')"
6USY,"('QGS', 'Binding MOAD:\xa0 6USY', 'Ki:&nbsp0.4\xa0(nM) from 1 assay(s)')"
6UVJ,"('QJ1', 'Binding MOAD:\xa0 6UVJ', 'Kd:&nbsp2.00e+4\xa0(nM) from 1 assay(s)')"
6UVM,"('QJA', 'Binding MOAD:\xa0 6UVM', 'Kd:&nbsp5.10e+5\xa0(nM) from 1 assay(s)')"
6UVV,"('QJV', 'Binding MOAD:\xa0 6UVV', 'IC50:&nbsp6640\xa0(nM) from 1 assay(s)')"
6UVY,"('QJP', 'Binding MOAD:\xa0 6UVY', 'IC50:&nbsp990\xa0(nM) from 1 assay(s)')"
6UWP,"('QKA', 'Binding MOAD:\xa0 6UWP', 'IC50:&nbsp28\xa0(nM) from 1 assay(s)')"
6UWU,"('QKP', 'Binding MOAD:\xa0 6UWU', 'IC50:&nbsp70\xa0(nM) from 1 assay(s)')"
6UWV,"('QK7', 'Binding MOAD:\xa0 6UWV', 'IC50:&nbsp10\xa0(nM) from 1 assay(s)')"
6UWX,"('QKD', 'Binding MOAD:\xa0 6UWX', 'Kd:&nbsp2.90e+5\xa0(nM) from 1 assay(s)')"
6UX1,"('SAL', 'Binding MOAD:\xa0 6UX1', 'IC50:&nbsp6.60e+6\xa0(nM) from 1 assay(s)')"
6UYB,"('QSJ', 'Binding MOAD:\xa0 6UYB', 'Kd:&nbsp6200\xa0(nM) from 1 assay(s)')"
6UYC,"('QLV', 'Binding MOAD:\xa0 6UYC', 'Kd:&nbsp229\xa0(nM) from 1 assay(s)')"
6UZU,"('6LU', 'Binding MOAD:\xa0 6UZU', 'Ki:&nbsp7\xa0(nM) from 1 assay(s)')"
6V0Q,"('EAE', 'Binding MOAD:\xa0 6V0Q', 'Kd:&nbsp4200\xa0(nM) from 1 assay(s)')"
6V0S,"('EAE', 'Binding MOAD:\xa0 6V0S', 'Kd:&nbsp1.60e+4\xa0(nM) from 1 assay(s)')"
6V0U,"('BMF', 'Binding MOAD:\xa0 6V0U', 'Kd:&nbsp392\xa0(nM) from 1 assay(s)')"
6V0X,"('B49', 'Binding MOAD:\xa0 6V0X', 'Kd:&nbsp2.77e+5\xa0(nM) from 1 assay(s)')"
6V14,"('QMG', 'BindingDB:\xa0 6V14', 'Kd:&nbspmin: 32, max: 82\xa0(nM) from 3 assay(s)')"
6V16,"('QMG', 'BindingDB:\xa0 6V16', 'Kd:&nbspmin: 316, max: 556\xa0(nM) from 3 assay(s)')"
6V17,"('H1B', 'Binding MOAD:\xa0 6V17', 'Kd:&nbsp148\xa0(nM) from 1 assay(s)')"
6V1B,"('H1B', 'Binding MOAD:\xa0 6V1B', 'Kd:&nbsp37\xa0(nM) from 1 assay(s)')"
6V1E,"('5SW', 'BindingDB:\xa0 6V1E', 'Kd:&nbspmin: 0.3, max: 121\xa0(nM) from 3 assay(s)')"
6V1F,"('5U6', 'Binding MOAD:\xa0 6V1F', 'Kd:&nbsp418\xa0(nM) from 1 assay(s)')"
6V1H,"('BMF', 'Binding MOAD:\xa0 6V1H', 'Kd:&nbsp114\xa0(nM) from 1 assay(s)')"
6V1K,"('5SW', 'BindingDB:\xa0 6V1K', 'Kd:&nbspmin: 1.00e+4, max: 2.00e+4\xa0(nM) from 2 assay(s)')"
6V1L,"('5U6', 'BindingDB:\xa0 6V1L', 'Kd:&nbspmin: 1.00e+4, max: 2.00e+4\xa0(nM) from 2 assay(s)')"
6V6L,"('QQA', 'Binding MOAD:\xa0 6V6L', 'IC50:&nbsp8\xa0(nM) from 1 assay(s)')"
6V6Z,"('Q5Y', 'Binding MOAD:\xa0 6V6Z', 'IC50:&nbsp63\xa0(nM) from 1 assay(s)')"
6V74,"('ASN', 'Binding MOAD:\xa0 6V74', 'Kd:&nbsp2.70e+4\xa0(nM) from 1 assay(s)')"
6V7C,"('QR1', 'Binding MOAD:\xa0 6V7C', 'IC50:&nbsp29\xa0(nM) from 1 assay(s)')"
6V7D,"('QR4', 'Binding MOAD:\xa0 6V7D', 'IC50:&nbsp22\xa0(nM) from 1 assay(s)')"
6V7E,"('QRA', 'Binding MOAD:\xa0 6V7E', 'IC50:&nbsp2\xa0(nM) from 1 assay(s)')"
6V7F,"('QRJ', 'Binding MOAD:\xa0 6V7F', 'IC50:&nbsp14\xa0(nM) from 1 assay(s)')"
6V87,"('OHT', 'BindingDB:\xa0 6V87', 'Ki:&nbspmin: 0.04, max: 5.7\xa0(nM) from 5 assay(s)')"
6V8T,"('C6V', 'BindingDB:\xa0 6V8T', 'IC50:&nbspmin: 0.2, max: 8.9\xa0(nM) from 4 assay(s)')"
6V90,"('QSD', 'Binding MOAD:\xa0 6V90', 'IC50:&nbsp8.8\xa0(nM) from 1 assay(s)')"
6V9C,"('QS7', 'BindingDB:\xa0 6V9C', 'IC50:&nbspmin: 6.5, max: 500\xa0(nM) from 4 assay(s)')"
6VC2,"('QU7', 'Binding MOAD:\xa0 6VC2', 'Ki:&nbsp1200\xa0(nM) from 1 assay(s)')"
6VCJ,"('NPX', 'Binding MOAD:\xa0 6VCJ', 'Ki:&nbsp1.10e+5\xa0(nM) from 1 assay(s)')"
6VEI,"('9UO', 'BindingDB:\xa0 6VEI', 'IC50:&nbspmin: 0.04, max: 50\xa0(nM) from 4 assay(s)')"
6VFZ,"('9UO', 'BindingDB:\xa0 6VFZ', 'IC50:&nbspmin: 7, max: 130\xa0(nM) from 4 assay(s)')"
6VG0,"('QWM', 'BindingDB:\xa0 6VG0', 'IC50:&nbspmin: 2, max: 50\xa0(nM) from 4 assay(s)')"
6VGH,"('C3D', 'BindingDB:\xa0 6VGH', 'IC50:&nbspmin: 0.5, max: 11\xa0(nM) from 5 assay(s)')"
6VHG,"('QX1', 'Binding MOAD:\xa0 6VHG', 'IC50:&nbsp5500\xa0(nM) from 1 assay(s)')"
6VI4,"('JDC', 'BindingDB:\xa0 6VI4', 'Ki:&nbspmin: 1.00e-2, max: 0.41\xa0(nM) from 7 assay(s)')"
6VIF,"('QY4', 'Binding MOAD:\xa0 6VIF', 'Ki:&nbsp38\xa0(nM) from 1 assay(s)')"
6VIW,"('QYV', 'Binding MOAD:\xa0 6VIW', 'Ki:&nbsp21.6\xa0(nM) from 1 assay(s)')"
6VIX,"('QYV', 'Binding MOAD:\xa0 6VIX', 'Ki:&nbsp1.3\xa0(nM) from 1 assay(s)')"
6VIY,"('QYY', 'Binding MOAD:\xa0 6VIY', 'Ki:&nbsp1.1\xa0(nM) from 1 assay(s)')"
6VIZ,"('QYY', 'Binding MOAD:\xa0 6VIZ', 'Ki:&nbsp120\xa0(nM) from 1 assay(s)')"
6VJ3,"('QYA', 'BindingDB:\xa0 6VJ3', 'Ki:&nbsp18\xa0(nM) from 1 assay(s)')"
6VJD,"('C3D', 'BindingDB:\xa0 6VJD', 'IC50:&nbspmin: 0.5, max: 11\xa0(nM) from 5 assay(s)')"
6VKG,"('SO4', 'BindingDB:\xa0 6VKG', 'Ki:&nbspmin: 8.90e+7, max: 3.00e+8\xa0(nM) from 4 assay(s)')"
6VLU,"('R2Y', 'Binding MOAD:\xa0 6VLU', 'Ki:&nbsp149.1\xa0(nM) from 1 assay(s)')"
6VLV,"('R3A', 'Binding MOAD:\xa0 6VLV', 'Ki:&nbsp5.33\xa0(nM) from 1 assay(s)')"
6VND,"('R4P', 'Binding MOAD:\xa0 6VND', 'IC50:&nbsp17\xa0(nM) from 1 assay(s)')"
6VNS,"('R5D', 'Binding MOAD:\xa0 6VNS', 'IC50:&nbsp29\xa0(nM) from 1 assay(s)')"
6VNV,"('R4Y', 'Binding MOAD:\xa0 6VNV', 'IC50:&nbsp67\xa0(nM) from 1 assay(s)')"
6VNX,"('R4V', 'Binding MOAD:\xa0 6VNX', 'IC50:&nbsp29\xa0(nM) from 1 assay(s)')"
6VNY,"('R4S', 'Binding MOAD:\xa0 6VNY', 'IC50:&nbsp139\xa0(nM) from 1 assay(s)')"
6VOV,"('R6D', 'BindingDB:\xa0 6VOV', 'IC50:&nbspmin: 6.2, max: 13.5\xa0(nM) from 2 assay(s)')"
6VQL,"('R7S', 'Binding MOAD:\xa0 6VQL', 'IC50:&nbsp2.4\xa0(nM) from 1 assay(s)')"
6VRE,"('RFG', 'Binding MOAD:\xa0 6VRE', 'IC50:&nbsp21\xa0(nM) from 1 assay(s)')"
6VRH,"('8PR', 'BindingDB:\xa0 6VRH', 'Ki:&nbspmin: 0.02, max: 4.7\xa0(nM) from 24 assay(s)')"
6VUB,"('RLG', 'Binding MOAD:\xa0 6VUB', 'IC50:&nbsp6.29e+5\xa0(nM) from 1 assay(s)')"
6VUC,"('RLS', 'Binding MOAD:\xa0 6VUC', 'IC50:&nbsp1.44e+5\xa0(nM) from 1 assay(s)')"
6VUF,"('RLV', 'Binding MOAD:\xa0 6VUF', 'IC50:&nbsp1.47e+5\xa0(nM) from 1 assay(s)')"
6VUJ,"('RLY', 'Binding MOAD:\xa0 6VUJ', 'IC50:&nbsp3.52e+4\xa0(nM) from 1 assay(s)')"
6VWC,"('RQ7', 'Binding MOAD:\xa0 6VWC', 'Ki:&nbsp5\xa0(nM) from 1 assay(s)')"
6VXQ,"('RQS', 'Binding MOAD:\xa0 6VXQ', 'IC50:&nbsp3700\xa0(nM) from 1 assay(s)')"
6W06,"('S5M', 'Binding MOAD:\xa0 6W06', 'IC50:&nbsp142\xa0(nM) from 1 assay(s)')"
6W07,"('S9A', 'Binding MOAD:\xa0 6W07', 'IC50:&nbsp1\xa0(nM) from 1 assay(s)')"
6W0N,"('RYS', 'Binding MOAD:\xa0 6W0N', 'IC50:&nbsp410\xa0(nM) from 1 assay(s)')"
6W0X,"('S6J', 'Binding MOAD:\xa0 6W0X', 'IC50:&nbsp140\xa0(nM) from 1 assay(s)')"
6W0Z,"('S6D', 'Binding MOAD:\xa0 6W0Z', 'IC50:&nbsp10\xa0(nM) from 1 assay(s)')"
6W4Z,"('SZS', 'Binding MOAD:\xa0 6W4Z', 'Kd:&nbsp9170\xa0(nM) from 1 assay(s)')"
6W50,"('SWP', 'Binding MOAD:\xa0 6W50', 'Ki:&nbsp0.3\xa0(nM) from 1 assay(s)')"
6W58,"('SWS', 'Binding MOAD:\xa0 6W58', 'IC50:&nbsp3.9\xa0(nM) from 1 assay(s)')"
6W7F,"('Q3D', 'Binding MOAD:\xa0 6W7F', 'IC50:&nbsp0.2\xa0(nM) from 1 assay(s)')"
6W7G,"('Q3A', 'Binding MOAD:\xa0 6W7G', 'IC50:&nbsp0.5\xa0(nM) from 1 assay(s)')"
6W8H,"('TJG', 'Binding MOAD:\xa0 6W8H', 'IC50:&nbsp9.4\xa0(nM) from 1 assay(s)')"
6W8L,"('R4S', 'Binding MOAD:\xa0 6W8L', 'IC50:&nbsp774\xa0(nM) from 1 assay(s)')"
6WFG,"('U3V', 'Binding MOAD:\xa0 6WFG', 'IC50:&nbsp2700\xa0(nM) from 1 assay(s)')"
6WFK,"('U2J', 'Binding MOAD:\xa0 6WFK', 'Kd:&nbsp32\xa0(nM) from 1 assay(s)')"
6WFN,"('U2J', 'Binding MOAD:\xa0 6WFN', 'Kd:&nbsp27\xa0(nM) from 1 assay(s)')"
6WFO,"('U3Y', 'Binding MOAD:\xa0 6WFO', 'Kd:&nbsp470\xa0(nM) from 1 assay(s)')"
6WGX,"('U0D', 'Binding MOAD:\xa0 6WGX', 'IC50:&nbsp150\xa0(nM) from 1 assay(s)')"
6WJY,"('U41', 'Binding MOAD:\xa0 6WJY', 'IC50:&nbsp3.1\xa0(nM) from 1 assay(s)')"
6WNY,"('U64', 'Binding MOAD:\xa0 6WNY', 'IC50:&nbsp1.5\xa0(nM) from 1 assay(s)')"
6WOK,"('U6D', 'Binding MOAD:\xa0 6WOK', 'IC50:&nbsp1.6\xa0(nM) from 1 assay(s)')"
6WP5,"('FBP', 'Binding MOAD:\xa0 6WP5', 'Kd:&nbsp1000\xa0(nM) from 1 assay(s)')"
6WQ4,"('U7A', 'Binding MOAD:\xa0 6WQ4', 'Ki:&nbsp368.5\xa0(nM) from 1 assay(s)')"
6WQ5,"('U7G', 'Binding MOAD:\xa0 6WQ5', 'Ki:&nbsp57\xa0(nM) from 1 assay(s)')"
6WQ7,"('U6V', 'Binding MOAD:\xa0 6WQ7', 'Ki:&nbsp30.4\xa0(nM) from 1 assay(s)')"
6WQ8,"('U77', 'Binding MOAD:\xa0 6WQ8', 'Ki:&nbsp2.4\xa0(nM) from 1 assay(s)')"
6WQ9,"('U7J', 'Binding MOAD:\xa0 6WQ9', 'Ki:&nbsp72.5\xa0(nM) from 1 assay(s)')"
6WXZ,"('UEY', 'Binding MOAD:\xa0 6WXZ', 'IC50:&nbsp141\xa0(nM) from 1 assay(s)')"
6WY7,"('UFD', 'Binding MOAD:\xa0 6WY7', 'Kd:&nbsp5\xa0(nM) from 1 assay(s)')"
6X3N,"('ULV', 'Binding MOAD:\xa0 6X3N', 'IC50:&nbsp0.08\xa0(nM) from 1 assay(s)')"
6X3O,"('ULY', 'Binding MOAD:\xa0 6X3O', 'IC50:&nbsp0.21\xa0(nM) from 1 assay(s)')"
6X3P,"('UM4', 'Binding MOAD:\xa0 6X3P', 'IC50:&nbsp0.58\xa0(nM) from 1 assay(s)')"
6X3R,"('ZXX', 'Binding MOAD:\xa0 6X3R', 'Kd:&nbsp3.00e+4\xa0(nM) from 1 assay(s)')"
6X3Y,"('UMM', 'Binding MOAD:\xa0 6X3Y', 'Kd:&nbsp1.00e+4\xa0(nM) from 1 assay(s)')"
6X4M,"('UMM', 'Binding MOAD:\xa0 6X4M', 'Kd:&nbsp1.10e+4\xa0(nM) from 1 assay(s)')"
6X4N,"('UOD', 'Binding MOAD:\xa0 6X4N', 'Kd:&nbsp4\xa0(nM) from 1 assay(s)')"
6X4O,"('UO7', 'Binding MOAD:\xa0 6X4O', 'Kd:&nbsp10\xa0(nM) from 1 assay(s)')"
6X4P,"('UOG', 'Binding MOAD:\xa0 6X4P', 'Kd:&nbsp14\xa0(nM) from 1 assay(s)')"
6X4Q,"('UOJ', 'Binding MOAD:\xa0 6X4Q', 'Kd:&nbsp9\xa0(nM) from 1 assay(s)')"
6X5H,"('GDP', 'Binding MOAD:\xa0 6X5H', 'Ki:&nbsp3600\xa0(nM) from 1 assay(s)')"
6X5L,"('UQG', 'Binding MOAD:\xa0 6X5L', 'IC50:&nbsp44\xa0(nM) from 1 assay(s)')"
6X5P,"('UQD', 'Binding MOAD:\xa0 6X5P', 'IC50:&nbsp30\xa0(nM) from 1 assay(s)')"
6X7B,"('ZVP', 'Binding MOAD:\xa0 6X7B', 'IC50:&nbsp27\xa0(nM) from 1 assay(s)')"
6X7D,"('UT4', 'Binding MOAD:\xa0 6X7D', 'IC50:&nbsp388\xa0(nM) from 1 assay(s)')"
6X8E,"('UWP', 'Binding MOAD:\xa0 6X8E', 'IC50:&nbsp65\xa0(nM) from 1 assay(s)')"
6X8F,"('UWP', 'Binding MOAD:\xa0 6X8F', 'IC50:&nbsp10\xa0(nM) from 1 assay(s)')"
6X8G,"('UWM', 'Binding MOAD:\xa0 6X8G', 'IC50:&nbsp15\xa0(nM) from 1 assay(s)')"
6XDM,"('V1D', 'Binding MOAD:\xa0 6XDM', 'IC50:&nbsp0.1\xa0(nM) from 1 assay(s)')"
6XE4,"('V1G', 'Binding MOAD:\xa0 6XE4', 'IC50:&nbsp2.4\xa0(nM) from 1 assay(s)')"
6XNP,"('V67', 'Binding MOAD:\xa0 6XNP', 'IC50:&nbsp7800\xa0(nM) from 1 assay(s)')"
6XTA,"('O0Z', 'Binding MOAD:\xa0 6XTA', 'IC50:&nbsp2.8\xa0(nM) from 1 assay(s)')"
6XTK,"('TCW', 'Binding MOAD:\xa0 6XTK', 'Kd:&nbsp29\xa0(nM) from 1 assay(s)')"
6XU1,"('DZ4', 'Binding MOAD:\xa0 6XU1', 'Ki:&nbsp780\xa0(nM) from 1 assay(s)')"
6XUE,"('O1H', 'Binding MOAD:\xa0 6XUE', 'IC50:&nbsp19\xa0(nM) from 1 assay(s)')"
6XUG,"('O1Q', 'Binding MOAD:\xa0 6XUG', 'IC50:&nbsp12\xa0(nM) from 1 assay(s)')"
6XUH,"('O1B', 'Binding MOAD:\xa0 6XUH', 'Ki:&nbsp700\xa0(nM) from 1 assay(s)')"
6XUQ,"('O1T', 'Binding MOAD:\xa0 6XUQ', 'Ki:&nbsp88.4\xa0(nM) from 1 assay(s)')"
6XVA,"('O2K', 'Binding MOAD:\xa0 6XVA', 'IC50:&nbsp240\xa0(nM) from 1 assay(s)')"
6XVK,"('O3E', 'Binding MOAD:\xa0 6XVK', 'IC50:&nbsp538\xa0(nM) from 1 assay(s)')"
6XXK,"('SPD', 'Binding MOAD:\xa0 6XXK', 'Kd:&nbsp4000\xa0(nM) from 1 assay(s)')"
6XXT,"('O42', 'Binding MOAD:\xa0 6XXT', 'Ki:&nbsp3.7\xa0(nM) from 1 assay(s)')"
6XZE,"('O4Z', 'Binding MOAD:\xa0 6XZE', 'Ki:&nbsp24.6\xa0(nM) from 1 assay(s)')"
6XZO,"('O55', 'Binding MOAD:\xa0 6XZO', 'Ki:&nbsp138.4\xa0(nM) from 1 assay(s)')"
6XZS,"('O5K', 'Binding MOAD:\xa0 6XZS', 'Ki:&nbsp724.7\xa0(nM) from 1 assay(s)')"
6XZX,"('O5H', 'Binding MOAD:\xa0 6XZX', 'Ki:&nbsp928.3\xa0(nM) from 1 assay(s)')"
6XZY,"('O5N', 'Binding MOAD:\xa0 6XZY', 'Ki:&nbsp728\xa0(nM) from 1 assay(s)')"
6Y00,"('O5T', 'Binding MOAD:\xa0 6Y00', 'Ki:&nbsp653.8\xa0(nM) from 1 assay(s)')"
6Y9R,"('OH8', 'Binding MOAD:\xa0 6Y9R', 'IC50:&nbsp9\xa0(nM) from 1 assay(s)')"
6Y9S,"('OHK', 'Binding MOAD:\xa0 6Y9S', 'IC50:&nbsp72\xa0(nM) from 1 assay(s)')"
6YBG,"('OJT', 'Binding MOAD:\xa0 6YBG', 'Ki:&nbsp13\xa0(nM) from 1 assay(s)')"
6YBJ,"('OJW', 'Binding MOAD:\xa0 6YBJ', 'Ki:&nbsp0.86\xa0(nM) from 1 assay(s)')"
6YBK,"('OK2', 'Binding MOAD:\xa0 6YBK', 'Ki:&nbsp5\xa0(nM) from 1 assay(s)')"
6YBL,"('OK5', 'Binding MOAD:\xa0 6YBL', 'Ki:&nbsp0.03\xa0(nM) from 1 assay(s)')"
6YL4,"('OWW', 'Binding MOAD:\xa0 6YL4', 'IC50:&nbsp7\xa0(nM) from 1 assay(s)')"
6YQN,"('P8T', 'Binding MOAD:\xa0 6YQN', 'IC50:&nbsp720\xa0(nM) from 1 assay(s)')"
6YQO,"('P8Q', 'Binding MOAD:\xa0 6YQO', 'IC50:&nbsp4530\xa0(nM) from 1 assay(s)')"
6YQP,"('P8N', 'Binding MOAD:\xa0 6YQP', 'IC50:&nbsp1350\xa0(nM) from 1 assay(s)')"
6YSK,"('PJK', 'Binding MOAD:\xa0 6YSK', 'IC50:&nbsp110\xa0(nM) from 1 assay(s)')"
6YT2,"('PJW', 'Binding MOAD:\xa0 6YT2', 'Ki:&nbsp310\xa0(nM) from 1 assay(s)')"
6YTA,"('IYZ', 'Binding MOAD:\xa0 6YTA', 'Ki:&nbsp229\xa0(nM) from 1 assay(s)')"
6YTD,"('EAE', 'Binding MOAD:\xa0 6YTD', 'Ki:&nbsp671\xa0(nM) from 1 assay(s)')"
6YTE,"('EAE', 'Binding MOAD:\xa0 6YTE', 'Kd:&nbsp75\xa0(nM) from 1 assay(s)')"
6YTG,"('KHC', 'Binding MOAD:\xa0 6YTG', 'Ki:&nbsp136\xa0(nM) from 1 assay(s)')"
6YTM,"('PMW', 'Binding MOAD:\xa0 6YTM', 'Kd:&nbsp65\xa0(nM) from 1 assay(s)')"
6YTW,"('EAE', 'Binding MOAD:\xa0 6YTW', 'Kd:&nbsp7780\xa0(nM) from 1 assay(s)')"
6YUW,"('PQZ', 'Binding MOAD:\xa0 6YUW', 'IC50:&nbsp1.27e+4\xa0(nM) from 1 assay(s)')"
6YUY,"('PQH', 'Binding MOAD:\xa0 6YUY', 'IC50:&nbsp6700\xa0(nM) from 1 assay(s)')"
6YV0,"('PQT', 'Binding MOAD:\xa0 6YV0', 'IC50:&nbsp1.86e+4\xa0(nM) from 1 assay(s)')"
6YV2,"('PUE', 'Binding MOAD:\xa0 6YV2', 'IC50:&nbsp4.80e+4\xa0(nM) from 1 assay(s)')"
6YV4,"('PQK', 'Binding MOAD:\xa0 6YV4', 'IC50:&nbsp6300\xa0(nM) from 1 assay(s)')"
6YXI,"('PZ8', 'Binding MOAD:\xa0 6YXI', 'IC50:&nbsp1.40e+4\xa0(nM) from 1 assay(s)')"
6YZQ,"('Q3Q', 'Binding MOAD:\xa0 6YZQ', 'Ki:&nbsp870.1\xa0(nM) from 1 assay(s)')"
6YZR,"('Q3W', 'Binding MOAD:\xa0 6YZR', 'Ki:&nbsp333\xa0(nM) from 1 assay(s)')"
6YZS,"('Q3N', 'Binding MOAD:\xa0 6YZS', 'Ki:&nbsp1296\xa0(nM) from 1 assay(s)')"
6YZT,"('Q3E', 'Binding MOAD:\xa0 6YZT', 'Ki:&nbsp622\xa0(nM) from 1 assay(s)')"
6YZU,"('Q4B', 'Binding MOAD:\xa0 6YZU', 'Ki:&nbsp299.4\xa0(nM) from 1 assay(s)')"
6YZU,"('Q38', 'Binding MOAD:\xa0 6YZU', 'Ki:&nbsp299.4\xa0(nM) from 1 assay(s)')"
6YZV,"('Q2Z', 'Binding MOAD:\xa0 6YZV', 'Ki:&nbsp21\xa0(nM) from 1 assay(s)')"
6YZW,"('Q3K', 'Binding MOAD:\xa0 6YZW', 'Ki:&nbsp821.2\xa0(nM) from 1 assay(s)')"
6YZX,"('Q3H', 'Binding MOAD:\xa0 6YZX', 'Ki:&nbsp29.48\xa0(nM) from 1 assay(s)')"
6Z6A,"('Q9E', 'Binding MOAD:\xa0 6Z6A', 'Kd:&nbsp3700\xa0(nM) from 1 assay(s)')"
6Z86,"('QBQ', 'Binding MOAD:\xa0 6Z86', 'Kd:&nbsp7.98e+5\xa0(nM) from 1 assay(s)')"
6Z9B,"('QCQ', 'Binding MOAD:\xa0 6Z9B', 'IC50:&nbsp0.7\xa0(nM) from 1 assay(s)')"
6Z9D,"('QDH', 'Binding MOAD:\xa0 6Z9D', 'Ki:&nbsp5.00e-3\xa0(nM) from 1 assay(s)')"
6ZE8,"('QGB', 'Binding MOAD:\xa0 6ZE8', 'IC50:&nbsp23\xa0(nM) from 1 assay(s)')"
6ZIR,"('EZZ', 'Binding MOAD:\xa0 6ZIR', 'Kd:&nbsp3.30e+4\xa0(nM) from 1 assay(s)')"
6ZJD,"('ATP', 'Binding MOAD:\xa0 6ZJD', 'Kd:&nbsp1.30e+4\xa0(nM) from 1 assay(s)')"
6ZJZ,"('QLH', 'Binding MOAD:\xa0 6ZJZ', 'IC50:&nbsp120\xa0(nM) from 1 assay(s)')"
6ZL5,"('F0K', 'Binding MOAD:\xa0 6ZL5', 'Kd:&nbsp2000\xa0(nM) from 1 assay(s)')"
6ZLN,"('PKB', 'Binding MOAD:\xa0 6ZLN', 'Ki:&nbsp36\xa0(nM) from 1 assay(s)')"
6ZLY,"('QMH', 'Binding MOAD:\xa0 6ZLY', 'Kd:&nbsp94\xa0(nM) from 1 assay(s)')"
6ZND,"('QMZ', 'Binding MOAD:\xa0 6ZND', 'IC50:&nbsp66\xa0(nM) from 1 assay(s)')"
6ZPD,"('VIV', 'Binding MOAD:\xa0 6ZPD', 'Kd:&nbsp14.25\xa0(nM) from 1 assay(s)')"
6ZQZ,"('QOQ', 'Binding MOAD:\xa0 6ZQZ', 'IC50:&nbsp24\xa0(nM) from 1 assay(s)')"
6ZSI,"('GNP', 'Binding MOAD:\xa0 6ZSI', 'Kd:&nbsp290\xa0(nM) from 1 assay(s)')"
6ZSJ,"('GNP', 'Binding MOAD:\xa0 6ZSJ', 'Kd:&nbsp240\xa0(nM) from 1 assay(s)')"
6ZUG,"('QPW', 'Binding MOAD:\xa0 6ZUG', 'IC50:&nbsp12\xa0(nM) from 1 assay(s)')"
6ZUH,"('N6H', 'Binding MOAD:\xa0 6ZUH', 'IC50:&nbsp27\xa0(nM) from 1 assay(s)')"
6ZUN,"('QQ5', 'Binding MOAD:\xa0 6ZUN', 'IC50:&nbsp10\xa0(nM) from 1 assay(s)')"
6ZUU,"('QQN', 'Binding MOAD:\xa0 6ZUU', 'IC50:&nbsp3900\xa0(nM) from 1 assay(s)')"
6ZUV,"('B1J', 'Binding MOAD:\xa0 6ZUV', 'IC50:&nbsp1.15e+4\xa0(nM) from 1 assay(s)')"
6ZUW,"('QQK', 'Binding MOAD:\xa0 6ZUW', 'IC50:&nbsp0.4\xa0(nM) from 1 assay(s)')"
6ZUX,"('QQE', 'Binding MOAD:\xa0 6ZUX', 'IC50:&nbsp4\xa0(nM) from 1 assay(s)')"
6ZV7,"('QQW', 'Binding MOAD:\xa0 6ZV7', 'IC50:&nbsp6\xa0(nM) from 1 assay(s)')"
6ZV8,"('QQT', 'Binding MOAD:\xa0 6ZV8', 'IC50:&nbsp0.7\xa0(nM) from 1 assay(s)')"
6ZVL,"('QR2', 'Binding MOAD:\xa0 6ZVL', 'IC50:&nbsp18\xa0(nM) from 1 assay(s)')"
6ZWP,"('OE8', 'Binding MOAD:\xa0 6ZWP', 'IC50:&nbsp22.1\xa0(nM) from 1 assay(s)')"
7A12,"('QVK', 'Binding MOAD:\xa0 7A12', 'IC50:&nbsp10\xa0(nM) from 1 assay(s)')"
7A14,"('QVB', 'Binding MOAD:\xa0 7A14', 'IC50:&nbsp10\xa0(nM) from 1 assay(s)')"
7A15,"('QV5', 'Binding MOAD:\xa0 7A15', 'IC50:&nbsp10\xa0(nM) from 1 assay(s)')"
7A16,"('HZE', 'Binding MOAD:\xa0 7A16', 'IC50:&nbsp10\xa0(nM) from 1 assay(s)')"
7A1B,"('QXW', 'Binding MOAD:\xa0 7A1B', 'IC50:&nbsp2360\xa0(nM) from 1 assay(s)')"
7A1Z,"('QWN', 'Binding MOAD:\xa0 7A1Z', 'IC50:&nbsp3380\xa0(nM) from 1 assay(s)')"
7A22,"('QWW', 'Binding MOAD:\xa0 7A22', 'IC50:&nbsp1980\xa0(nM) from 1 assay(s)')"
7A49,"('QWN', 'Binding MOAD:\xa0 7A49', 'IC50:&nbsp3260\xa0(nM) from 1 assay(s)')"
7A4B,"('QXW', 'Binding MOAD:\xa0 7A4B', 'IC50:&nbsp2560\xa0(nM) from 1 assay(s)')"
7A4C,"('QWW', 'Binding MOAD:\xa0 7A4C', 'IC50:&nbsp3820\xa0(nM) from 1 assay(s)')"
7ACU,"('R75', 'Binding MOAD:\xa0 7ACU', 'IC50:&nbsp4300\xa0(nM) from 1 assay(s)')"
7AFW,"('R9Q', 'Binding MOAD:\xa0 7AFW', 'Kd:&nbsp9.15e+5\xa0(nM) from 1 assay(s)')"
7AMD,"('RMW', 'Binding MOAD:\xa0 7AMD', 'Kd:&nbsp64\xa0(nM) from 1 assay(s)')"
7AVQ,"('S1Z', 'Binding MOAD:\xa0 7AVQ', 'IC50:&nbsp64\xa0(nM) from 1 assay(s)')"
7BQU,"('EF2', 'Binding MOAD:\xa0 7BQU', 'Kd:&nbsp4000\xa0(nM) from 1 assay(s)')"
7BQV,"('F4U', 'Binding MOAD:\xa0 7BQV', 'Kd:&nbsp2280\xa0(nM) from 1 assay(s)')"
7BTV,"('N47', 'Binding MOAD:\xa0 7BTV', 'IC50:&nbsp16.9\xa0(nM) from 1 assay(s)')"
7C04,"('FEU', 'Binding MOAD:\xa0 7C04', 'IC50:&nbsp1983\xa0(nM) from 1 assay(s)')"
7C2V,"('FJ0', 'Binding MOAD:\xa0 7C2V', 'IC50:&nbsp31.7\xa0(nM) from 1 assay(s)')"
7C3N,"('FHX', 'Binding MOAD:\xa0 7C3N', 'IC50:&nbsp13\xa0(nM) from 1 assay(s)')"
7C6B,"('K2R', 'Binding MOAD:\xa0 7C6B', 'Kd:&nbsp4.20e+4\xa0(nM) from 1 assay(s)')"
7C7G,"('FJR', 'Binding MOAD:\xa0 7C7G', 'IC50:&nbsp27\xa0(nM) from 1 assay(s)')"
7C7H,"('FJU', 'Binding MOAD:\xa0 7C7H', 'IC50:&nbsp34\xa0(nM) from 1 assay(s)')"
7D7U,"('8BR', 'Binding MOAD:\xa0 7D7U', 'Kd:&nbsp1.00e+5\xa0(nM) from 1 assay(s)')"
7JIS,"('VBS', 'Binding MOAD:\xa0 7JIS', 'IC50:&nbsp1.9\xa0(nM) from 1 assay(s)')"
7JNR,"('VFG', 'Binding MOAD:\xa0 7JNR', 'Ki:&nbsp66.5\xa0(nM) from 1 assay(s)')"
7JNT,"('VFA', 'Binding MOAD:\xa0 7JNT', 'IC50:&nbsp6.3\xa0(nM) from 1 assay(s)')"
7JNV,"('VFJ', 'Binding MOAD:\xa0 7JNV', 'Ki:&nbsp53.8\xa0(nM) from 1 assay(s)')"
7JNW,"('VFM', 'Binding MOAD:\xa0 7JNW', 'Ki:&nbsp75.1\xa0(nM) from 1 assay(s)')"
7JNX,"('VGS', 'Binding MOAD:\xa0 7JNX', 'Ki:&nbsp63.4\xa0(nM) from 1 assay(s)')"
7JNZ,"('VGV', 'Binding MOAD:\xa0 7JNZ', 'Ki:&nbsp62.8\xa0(nM) from 1 assay(s)')"
7JO0,"('VFG', 'Binding MOAD:\xa0 7JO0', 'Ki:&nbsp12.8\xa0(nM) from 1 assay(s)')"
7JO1,"('VFJ', 'Binding MOAD:\xa0 7JO1', 'Ki:&nbsp2.1\xa0(nM) from 1 assay(s)')"
7JO2,"('VFM', 'Binding MOAD:\xa0 7JO2', 'Ki:&nbsp2.4\xa0(nM) from 1 assay(s)')"
7JO3,"('VGS', 'Binding MOAD:\xa0 7JO3', 'Ki:&nbsp8.2\xa0(nM) from 1 assay(s)')"
7JOB,"('VGV', 'Binding MOAD:\xa0 7JOB', 'Ki:&nbsp15.7\xa0(nM) from 1 assay(s)')"
7JOC,"('ARZ', 'Binding MOAD:\xa0 7JOC', 'IC50:&nbsp6.4\xa0(nM) from 1 assay(s)')"
7JRA,"('VGY', 'Binding MOAD:\xa0 7JRA', 'IC50:&nbsp17\xa0(nM) from 1 assay(s)')"
7JV8,"('VPD', 'Binding MOAD:\xa0 7JV8', 'IC50:&nbsp0.25\xa0(nM) from 1 assay(s)')"
7JVM,"('VKS', 'Binding MOAD:\xa0 7JVM', 'IC50:&nbsp11\xa0(nM) from 1 assay(s)')"
7JVN,"('VKP', 'Binding MOAD:\xa0 7JVN', 'IC50:&nbsp29\xa0(nM) from 1 assay(s)')"
7JWS,"('VLY', 'Binding MOAD:\xa0 7JWS', 'IC50:&nbsp130\xa0(nM) from 1 assay(s)')"
7JWT,"('VM4', 'Binding MOAD:\xa0 7JWT', 'IC50:&nbsp130\xa0(nM) from 1 assay(s)')"
7JWU,"('VMA', 'Binding MOAD:\xa0 7JWU', 'IC50:&nbsp242\xa0(nM) from 1 assay(s)')"
7JWV,"('VMJ', 'Binding MOAD:\xa0 7JWV', 'IC50:&nbsp600\xa0(nM) from 1 assay(s)')"
7JWW,"('VMG', 'Binding MOAD:\xa0 7JWW', 'IC50:&nbsp360\xa0(nM) from 1 assay(s)')"
7K2U,"('VU7', 'Binding MOAD:\xa0 7K2U', 'IC50:&nbsp0.12\xa0(nM) from 1 assay(s)')"
7K6I,"('VYV', 'Binding MOAD:\xa0 7K6I', 'Ki:&nbsp444.5\xa0(nM) from 1 assay(s)')"
7K6J,"('VYY', 'Binding MOAD:\xa0 7K6J', 'Ki:&nbsp50.8\xa0(nM) from 1 assay(s)')"
7K6K,"('VZ1', 'Binding MOAD:\xa0 7K6K', 'Ki:&nbsp474.5\xa0(nM) from 1 assay(s)')"
7K6L,"('VZD', 'Binding MOAD:\xa0 7K6L', 'Ki:&nbsp458.3\xa0(nM) from 1 assay(s)')"
7KBG,"('WBA', 'Binding MOAD:\xa0 7KBG', 'IC50:&nbsp29\xa0(nM) from 1 assay(s)')"
